<?xml version="1.0" encoding="UTF-8"?>
<!DOCTYPE score-partwise PUBLIC "-//Recordare//DTD MusicXML 2.0 Partwise//EN" "http://www.musicxml.org/dtds/partwise.dtd">
<score-partwise>
  <identification>
    <encoding>
      <software>MuseScore 1.3</software>
      <encoding-date>2013-12-27</encoding-date>
      </encoding>
    <source>http://musescore.com/score/104476</source>
    </identification>
  <defaults>
    <scaling>
      <millimeters>7.056</millimeters>
      <tenths>40</tenths>
      </scaling>
    <page-layout>
      <page-height>2015.87</page-height>
      <page-width>1223.92</page-width>
      <page-margins type="both">
        <left-margin>56.6893</left-margin>
        <right-margin>113.379</right-margin>
        <top-margin>56.6893</top-margin>
        <bottom-margin>113.379</bottom-margin>
        </page-margins>
      </page-layout>
    </defaults>
  <credit page="1">
    <credit-words default-x="611.961" default-y="1959.18" font-size="24" justify="center" valign="top">All Of Me</credit-words>
    </credit>
  <credit page="1">
    <credit-words default-x="1110.54" default-y="1892.18" font-size="12" justify="right" valign="top">Simone and Marks</credit-words>
    </credit>
  <credit page="1">
    <credit-words default-x="611.961" default-y="113.379" font-size="8" justify="center" valign="bottom">Tyler Phillips 2013</credit-words>
    </credit>
  <part-list>
    <score-part id="P1">
      <part-name>Guitar</part-name>
      <part-abbreviation>Guit.</part-abbreviation>
      <score-instrument id="P1-I3">
        <instrument-name>Guitar</instrument-name>
        </score-instrument>
      <midi-instrument id="P1-I3">
        <midi-channel>1</midi-channel>
        <midi-program>25</midi-program>
        <volume>78.7402</volume>
        <pan>0</pan>
        </midi-instrument>
      </score-part>
    </part-list>
  <part id="P1">
    <measure number="1" width="291.91">
      <print>
        <system-layout>
          <system-margins>
            <left-margin>75.34</left-margin>
            <right-margin>-0.00</right-margin>
            </system-margins>
          <top-system-distance>180.00</top-system-distance>
          </system-layout>
        </print>
      <attributes>
        <divisions>6</divisions>
        <key>
          <fifths>0</fifths>
          <mode>major</mode>
          </key>
        <time>
          <beats>4</beats>
          <beat-type>4</beat-type>
          </time>
        <clef>
          <sign>G</sign>
          <line>2</line>
          <clef-octave-change>-1</clef-octave-change>
          </clef>
        </attributes>
      <harmony print-frame="no">
        <root>
          <root-step>C</root-step>
          </root>
        <kind text="Maj7">major-seventh</kind>
        </harmony>
      <direction placement="above">
        <direction-type>
          <words>Section A</words>
          </direction-type>
        </direction>
      <direction placement="below">
        <direction-type>
          <dynamics>
            <mf/>
            </dynamics>
          </direction-type>
        <sound dynamics="88.89"/>
        </direction>
      <direction placement="below">
        <direction-type>
          <words>Simile</words>
          </direction-type>
        </direction>
      <direction placement="above">
        <direction-type>
          <words>Moderato</words>
          </direction-type>
        <sound tempo="112"/>
        </direction>
      <note default-x="74.24" default-y="-15.00">
        <pitch>
          <step>C</step>
          <octave>4</octave>
          </pitch>
        <duration>6</duration>
        <voice>1</voice>
        <type>quarter</type>
        <stem>down</stem>
        <notations>
          <articulations>
            <strong-accent type="up"/>
            </articulations>
          </notations>
        </note>
      <note default-x="133.85" default-y="-30.00">
        <pitch>
          <step>G</step>
          <octave>3</octave>
          </pitch>
        <duration>3</duration>
        <voice>1</voice>
        <type>eighth</type>
        <stem>up</stem>
        <beam number="1">begin</beam>
        </note>
      <note default-x="171.10" default-y="-40.00">
        <pitch>
          <step>E</step>
          <octave>3</octave>
          </pitch>
        <duration>3</duration>
        <tie type="start"/>
        <voice>1</voice>
        <type>eighth</type>
        <stem>up</stem>
        <beam number="1">end</beam>
        <notations>
          <tied type="start"/>
          </notations>
        </note>
      <note default-x="208.35" default-y="-40.00">
        <pitch>
          <step>E</step>
          <octave>3</octave>
          </pitch>
        <duration>12</duration>
        <tie type="stop"/>
        <tie type="start"/>
        <voice>1</voice>
        <type>half</type>
        <stem>up</stem>
        <notations>
          <tied type="stop"/>
          <tied type="start"/>
          </notations>
        </note>
      </measure>
    <measure number="2" width="244.66">
      <note default-x="12.00" default-y="-40.00">
        <pitch>
          <step>E</step>
          <octave>3</octave>
          </pitch>
        <duration>12</duration>
        <tie type="stop"/>
        <voice>1</voice>
        <type>half</type>
        <stem>up</stem>
        <notations>
          <tied type="stop"/>
          <articulations>
            <breath-mark/>
            </articulations>
          </notations>
        </note>
      <note default-x="114.57" default-y="-15.00">
        <pitch>
          <step>C</step>
          <octave>4</octave>
          </pitch>
        <duration>4</duration>
        <voice>1</voice>
        <type>quarter</type>
        <time-modification>
          <actual-notes>3</actual-notes>
          <normal-notes>2</normal-notes>
          </time-modification>
        <stem>down</stem>
        <notations>
          <tuplet type="start" bracket="yes"/>
          </notations>
        </note>
      <note default-x="157.40" default-y="-10.00">
        <pitch>
          <step>D</step>
          <octave>4</octave>
          </pitch>
        <duration>4</duration>
        <voice>1</voice>
        <type>quarter</type>
        <time-modification>
          <actual-notes>3</actual-notes>
          <normal-notes>2</normal-notes>
          </time-modification>
        <stem>down</stem>
        </note>
      <note default-x="200.23" default-y="-15.00">
        <pitch>
          <step>C</step>
          <octave>4</octave>
          </pitch>
        <duration>4</duration>
        <voice>1</voice>
        <type>quarter</type>
        <time-modification>
          <actual-notes>3</actual-notes>
          <normal-notes>2</normal-notes>
          </time-modification>
        <stem>down</stem>
        <notations>
          <tuplet type="stop"/>
          </notations>
        </note>
      </measure>
    <measure number="3" width="242.86">
      <harmony print-frame="no">
        <root>
          <root-step>E</root-step>
          </root>
        <kind text="7">dominant</kind>
        </harmony>
      <note default-x="12.00" default-y="-20.00">
        <pitch>
          <step>B</step>
          <octave>3</octave>
          </pitch>
        <duration>6</duration>
        <voice>1</voice>
        <type>quarter</type>
        <stem>down</stem>
        <notations>
          <articulations>
            <strong-accent type="up"/>
            </articulations>
          </notations>
        </note>
      <note default-x="75.25" default-y="-30.00">
        <pitch>
          <step>G</step>
          <alter>1</alter>
          <octave>3</octave>
          </pitch>
        <duration>3</duration>
        <voice>1</voice>
        <type>eighth</type>
        <accidental>sharp</accidental>
        <stem>up</stem>
        <beam number="1">begin</beam>
        </note>
      <note default-x="114.77" default-y="-40.00">
        <pitch>
          <step>E</step>
          <octave>3</octave>
          </pitch>
        <duration>3</duration>
        <tie type="start"/>
        <voice>1</voice>
        <type>eighth</type>
        <stem>up</stem>
        <beam number="1">end</beam>
        <notations>
          <tied type="start"/>
          </notations>
        </note>
      <note default-x="154.30" default-y="-40.00">
        <pitch>
          <step>E</step>
          <octave>3</octave>
          </pitch>
        <duration>12</duration>
        <tie type="stop"/>
        <tie type="start"/>
        <voice>1</voice>
        <type>half</type>
        <stem>up</stem>
        <notations>
          <tied type="stop"/>
          <tied type="start"/>
          </notations>
        </note>
      </measure>
    <measure number="4" width="199.08">
      <note default-x="12.00" default-y="-40.00">
        <pitch>
          <step>E</step>
          <octave>3</octave>
          </pitch>
        <duration>24</duration>
        <tie type="stop"/>
        <voice>1</voice>
        <type>whole</type>
        <notations>
          <tied type="stop"/>
          <articulations>
            <breath-mark/>
            </articulations>
          </notations>
        </note>
      </measure>
    <measure number="5" width="280.97">
      <print new-system="yes">
        <system-layout>
          <system-margins>
            <left-margin>62.62</left-margin>
            <right-margin>-0.00</right-margin>
            </system-margins>
          <system-distance>92.50</system-distance>
          </system-layout>
        </print>
      <harmony print-frame="no">
        <root>
          <root-step>A</root-step>
          </root>
        <kind text="7">dominant</kind>
        </harmony>
      <note default-x="53.15" default-y="-25.00">
        <pitch>
          <step>A</step>
          <octave>3</octave>
          </pitch>
        <duration>9</duration>
        <voice>1</voice>
        <type>quarter</type>
        <dot/>
        <stem>up</stem>
        </note>
      <note default-x="138.83" default-y="-30.00">
        <pitch>
          <step>G</step>
          <octave>3</octave>
          </pitch>
        <duration>3</duration>
        <voice>1</voice>
        <type>eighth</type>
        <stem>up</stem>
        </note>
      <note default-x="182.75" default-y="-40.00">
        <pitch>
          <step>E</step>
          <octave>3</octave>
          </pitch>
        <duration>12</duration>
        <tie type="start"/>
        <voice>1</voice>
        <type>half</type>
        <stem>up</stem>
        <notations>
          <tied type="start"/>
          </notations>
        </note>
      </measure>
    <measure number="6" width="295.49">
      <note default-x="12.00" default-y="-40.00">
        <pitch>
          <step>E</step>
          <octave>3</octave>
          </pitch>
        <duration>6</duration>
        <tie type="stop"/>
        <voice>1</voice>
        <type>quarter</type>
        <stem>up</stem>
        <notations>
          <tied type="stop"/>
          <articulations>
            <breath-mark/>
            </articulations>
          </notations>
        </note>
      <note default-x="103.36" default-y="-45.00">
        <pitch>
          <step>D</step>
          <alter>1</alter>
          <octave>3</octave>
          </pitch>
        <duration>6</duration>
        <voice>1</voice>
        <type>quarter</type>
        <accidental>sharp</accidental>
        <stem>up</stem>
        </note>
      <note default-x="162.52" default-y="-40.00">
        <pitch>
          <step>E</step>
          <octave>3</octave>
          </pitch>
        <duration>4</duration>
        <voice>1</voice>
        <type>quarter</type>
        <time-modification>
          <actual-notes>3</actual-notes>
          <normal-notes>2</normal-notes>
          </time-modification>
        <stem>up</stem>
        <notations>
          <tuplet type="start" bracket="yes"/>
          </notations>
        </note>
      <note default-x="206.31" default-y="-20.00">
        <pitch>
          <step>B</step>
          <alter>-1</alter>
          <octave>3</octave>
          </pitch>
        <duration>4</duration>
        <voice>1</voice>
        <type>quarter</type>
        <accidental>flat</accidental>
        <time-modification>
          <actual-notes>3</actual-notes>
          <normal-notes>2</normal-notes>
          </time-modification>
        <stem>down</stem>
        </note>
      <note default-x="250.10" default-y="-25.00">
        <pitch>
          <step>A</step>
          <octave>3</octave>
          </pitch>
        <duration>4</duration>
        <voice>1</voice>
        <type>quarter</type>
        <time-modification>
          <actual-notes>3</actual-notes>
          <normal-notes>2</normal-notes>
          </time-modification>
        <stem>up</stem>
        <notations>
          <tuplet type="stop"/>
          </notations>
        </note>
      </measure>
    <measure number="7" width="205.88">
      <harmony print-frame="no">
        <root>
          <root-step>D</root-step>
          </root>
        <kind text="m">minor</kind>
        </harmony>
      <note default-x="12.00" default-y="-30.00">
        <pitch>
          <step>G</step>
          <octave>3</octave>
          </pitch>
        <duration>12</duration>
        <voice>1</voice>
        <type>half</type>
        <stem>up</stem>
        </note>
      <note default-x="108.14" default-y="-35.00">
        <pitch>
          <step>F</step>
          <octave>3</octave>
          </pitch>
        <duration>12</duration>
        <tie type="start"/>
        <voice>1</voice>
        <type>half</type>
        <stem>up</stem>
        <notations>
          <tied type="start"/>
          </notations>
        </note>
      </measure>
    <measure number="8" width="208.89">
      <note default-x="12.00" default-y="-35.00">
        <pitch>
          <step>F</step>
          <octave>3</octave>
          </pitch>
        <duration>24</duration>
        <tie type="stop"/>
        <voice>1</voice>
        <type>whole</type>
        <notations>
          <tied type="stop"/>
          <articulations>
            <breath-mark/>
            </articulations>
          </notations>
        </note>
      </measure>
    <measure number="9" width="296.47">
      <print new-system="yes">
        <system-layout>
          <system-margins>
            <left-margin>62.62</left-margin>
            <right-margin>-0.00</right-margin>
            </system-margins>
          <system-distance>92.50</system-distance>
          </system-layout>
        </print>
      <harmony print-frame="no">
        <root>
          <root-step>E</root-step>
          </root>
        <kind text="7">dominant</kind>
        </harmony>
      <note default-x="53.15" default-y="-40.00">
        <pitch>
          <step>E</step>
          <octave>3</octave>
          </pitch>
        <duration>9</duration>
        <voice>1</voice>
        <type>quarter</type>
        <dot/>
        <stem>up</stem>
        </note>
      <note default-x="144.71" default-y="-40.00">
        <pitch>
          <step>E</step>
          <alter>-1</alter>
          <octave>3</octave>
          </pitch>
        <duration>3</duration>
        <voice>1</voice>
        <type>eighth</type>
        <accidental>flat</accidental>
        <stem>up</stem>
        </note>
      <note default-x="191.63" default-y="-45.00">
        <pitch>
          <step>D</step>
          <octave>3</octave>
          </pitch>
        <duration>12</duration>
        <tie type="start"/>
        <voice>1</voice>
        <type>half</type>
        <stem>up</stem>
        <notations>
          <tied type="start"/>
          </notations>
        </note>
      </measure>
    <measure number="10" width="271.78">
      <note default-x="12.00" default-y="-45.00">
        <pitch>
          <step>D</step>
          <octave>3</octave>
          </pitch>
        <duration>12</duration>
        <tie type="stop"/>
        <voice>1</voice>
        <type>half</type>
        <stem>up</stem>
        <notations>
          <tied type="stop"/>
          <articulations>
            <breath-mark/>
            </articulations>
          </notations>
        </note>
      <note default-x="125.25" default-y="-40.00">
        <pitch>
          <step>E</step>
          <octave>3</octave>
          </pitch>
        <duration>4</duration>
        <voice>1</voice>
        <type>quarter</type>
        <time-modification>
          <actual-notes>3</actual-notes>
          <normal-notes>2</normal-notes>
          </time-modification>
        <stem>up</stem>
        <notations>
          <tuplet type="start" bracket="yes"/>
          </notations>
        </note>
      <note default-x="173.56" default-y="-35.00">
        <pitch>
          <step>F</step>
          <alter>1</alter>
          <octave>3</octave>
          </pitch>
        <duration>4</duration>
        <voice>1</voice>
        <type>quarter</type>
        <accidental>sharp</accidental>
        <time-modification>
          <actual-notes>3</actual-notes>
          <normal-notes>2</normal-notes>
          </time-modification>
        <stem>up</stem>
        </note>
      <note default-x="221.87" default-y="-20.00">
        <pitch>
          <step>B</step>
          <octave>3</octave>
          </pitch>
        <duration>4</duration>
        <voice>1</voice>
        <type>quarter</type>
        <time-modification>
          <actual-notes>3</actual-notes>
          <normal-notes>2</normal-notes>
          </time-modification>
        <stem>down</stem>
        <notations>
          <tuplet type="stop"/>
          </notations>
        </note>
      </measure>
    <measure number="11" width="209.99">
      <harmony print-frame="no">
        <root>
          <root-step>A</root-step>
          </root>
        <kind text="m">minor</kind>
        </harmony>
      <note default-x="12.00" default-y="-10.00">
        <pitch>
          <step>D</step>
          <octave>4</octave>
          </pitch>
        <duration>12</duration>
        <voice>1</voice>
        <type>half</type>
        <stem>down</stem>
        </note>
      <note default-x="110.20" default-y="-15.00">
        <pitch>
          <step>C</step>
          <octave>4</octave>
          </pitch>
        <duration>12</duration>
        <tie type="start"/>
        <voice>1</voice>
        <type>half</type>
        <stem>down</stem>
        <notations>
          <tied type="start"/>
          </notations>
        </note>
      </measure>
    <measure number="12" width="212.99">
      <note default-x="12.00" default-y="-15.00">
        <pitch>
          <step>C</step>
          <octave>4</octave>
          </pitch>
        <duration>24</duration>
        <tie type="stop"/>
        <voice>1</voice>
        <type>whole</type>
        <notations>
          <tied type="stop"/>
          <articulations>
            <breath-mark/>
            </articulations>
          </notations>
        </note>
      </measure>
    <measure number="13" width="294.87">
      <print new-system="yes">
        <system-layout>
          <system-margins>
            <left-margin>62.62</left-margin>
            <right-margin>-0.00</right-margin>
            </system-margins>
          <system-distance>92.50</system-distance>
          </system-layout>
        </print>
      <harmony print-frame="no">
        <root>
          <root-step>D</root-step>
          </root>
        <kind text="7">dominant</kind>
        </harmony>
      <note default-x="53.15" default-y="-20.00">
        <pitch>
          <step>B</step>
          <octave>3</octave>
          </pitch>
        <duration>9</duration>
        <voice>1</voice>
        <type>quarter</type>
        <dot/>
        <stem>down</stem>
        </note>
      <note default-x="144.10" default-y="-20.00">
        <pitch>
          <step>B</step>
          <alter>-1</alter>
          <octave>3</octave>
          </pitch>
        <duration>3</duration>
        <voice>1</voice>
        <type>eighth</type>
        <accidental>flat</accidental>
        <stem>down</stem>
        </note>
      <note default-x="190.71" default-y="-25.00">
        <pitch>
          <step>A</step>
          <octave>3</octave>
          </pitch>
        <duration>12</duration>
        <tie type="start"/>
        <voice>1</voice>
        <type>half</type>
        <stem>up</stem>
        <notations>
          <tied type="start"/>
          </notations>
        </note>
      </measure>
    <measure number="14" width="265.98">
      <note default-x="12.00" default-y="-25.00">
        <pitch>
          <step>A</step>
          <octave>3</octave>
          </pitch>
        <duration>12</duration>
        <tie type="stop"/>
        <voice>1</voice>
        <type>half</type>
        <stem>up</stem>
        <notations>
          <tied type="stop"/>
          <articulations>
            <breath-mark/>
            </articulations>
          </notations>
        </note>
      <note default-x="122.96" default-y="-25.00">
        <pitch>
          <step>A</step>
          <octave>3</octave>
          </pitch>
        <duration>4</duration>
        <voice>1</voice>
        <type>quarter</type>
        <time-modification>
          <actual-notes>3</actual-notes>
          <normal-notes>2</normal-notes>
          </time-modification>
        <stem>up</stem>
        <notations>
          <tuplet type="start" bracket="yes"/>
          </notations>
        </note>
      <note default-x="170.10" default-y="-10.00">
        <pitch>
          <step>D</step>
          <octave>4</octave>
          </pitch>
        <duration>4</duration>
        <voice>1</voice>
        <type>quarter</type>
        <time-modification>
          <actual-notes>3</actual-notes>
          <normal-notes>2</normal-notes>
          </time-modification>
        <stem>down</stem>
        </note>
      <note default-x="217.24" default-y="-20.00">
        <pitch>
          <step>B</step>
          <octave>3</octave>
          </pitch>
        <duration>4</duration>
        <voice>1</voice>
        <type>quarter</type>
        <time-modification>
          <actual-notes>3</actual-notes>
          <normal-notes>2</normal-notes>
          </time-modification>
        <stem>down</stem>
        <notations>
          <tuplet type="stop"/>
          </notations>
        </note>
      </measure>
    <measure number="15" width="205.39">
      <harmony print-frame="no">
        <root>
          <root-step>D</root-step>
          </root>
        <kind text="m7">minor-seventh</kind>
        </harmony>
      <note default-x="12.00" default-y="-25.00">
        <pitch>
          <step>A</step>
          <octave>3</octave>
          </pitch>
        <duration>24</duration>
        <voice>1</voice>
        <type>whole</type>
        </note>
      </measure>
    <measure number="16" width="224.99">
      <harmony print-frame="no">
        <root>
          <root-step>G</root-step>
          </root>
        <kind text="7">dominant</kind>
        </harmony>
      <note default-x="12.00" default-y="-20.00">
        <pitch>
          <step>B</step>
          <octave>3</octave>
          </pitch>
        <duration>24</duration>
        <voice>1</voice>
        <type>whole</type>
        <notations>
          <articulations>
            <breath-mark/>
            </articulations>
          </notations>
        </note>
      <barline location="right">
        <bar-style>light-light</bar-style>
        </barline>
      </measure>
    <measure number="17" width="286.77">
      <print new-system="yes">
        <system-layout>
          <system-margins>
            <left-margin>62.62</left-margin>
            <right-margin>-0.00</right-margin>
            </system-margins>
          <system-distance>92.50</system-distance>
          </system-layout>
        </print>
      <harmony print-frame="no">
        <root>
          <root-step>C</root-step>
          </root>
        <kind text="Maj7">major-seventh</kind>
        </harmony>
      <direction placement="above">
        <direction-type>
          <words>Section B</words>
          </direction-type>
        </direction>
      <note default-x="53.15" default-y="-15.00">
        <pitch>
          <step>C</step>
          <octave>4</octave>
          </pitch>
        <duration>6</duration>
        <voice>1</voice>
        <type>quarter</type>
        <stem>down</stem>
        </note>
      <note default-x="117.15" default-y="-30.00">
        <pitch>
          <step>G</step>
          <octave>3</octave>
          </pitch>
        <duration>3</duration>
        <voice>1</voice>
        <type>eighth</type>
        <stem>up</stem>
        <beam number="1">begin</beam>
        </note>
      <note default-x="157.16" default-y="-40.00">
        <pitch>
          <step>E</step>
          <octave>3</octave>
          </pitch>
        <duration>3</duration>
        <tie type="start"/>
        <voice>1</voice>
        <type>eighth</type>
        <stem>up</stem>
        <beam number="1">end</beam>
        <notations>
          <tied type="start"/>
          </notations>
        </note>
      <note default-x="197.16" default-y="-40.00">
        <pitch>
          <step>E</step>
          <octave>3</octave>
          </pitch>
        <duration>12</duration>
        <tie type="stop"/>
        <tie type="start"/>
        <voice>1</voice>
        <type>half</type>
        <stem>up</stem>
        <notations>
          <tied type="stop"/>
          <tied type="start"/>
          </notations>
        </note>
      </measure>
    <measure number="18" width="245.62">
      <note default-x="12.00" default-y="-40.00">
        <pitch>
          <step>E</step>
          <octave>3</octave>
          </pitch>
        <duration>12</duration>
        <tie type="stop"/>
        <voice>1</voice>
        <type>half</type>
        <stem>up</stem>
        <notations>
          <tied type="stop"/>
          </notations>
        </note>
      <note default-x="103.43" default-y="-15.00">
        <pitch>
          <step>C</step>
          <octave>4</octave>
          </pitch>
        <duration>4</duration>
        <voice>1</voice>
        <type>quarter</type>
        <time-modification>
          <actual-notes>3</actual-notes>
          <normal-notes>2</normal-notes>
          </time-modification>
        <stem>down</stem>
        <notations>
          <tuplet type="start" bracket="yes"/>
          </notations>
        </note>
      <note default-x="150.29" default-y="-10.00">
        <pitch>
          <step>D</step>
          <octave>4</octave>
          </pitch>
        <duration>4</duration>
        <voice>1</voice>
        <type>quarter</type>
        <time-modification>
          <actual-notes>3</actual-notes>
          <normal-notes>2</normal-notes>
          </time-modification>
        <stem>down</stem>
        </note>
      <note default-x="197.15" default-y="-15.00">
        <pitch>
          <step>C</step>
          <octave>4</octave>
          </pitch>
        <duration>4</duration>
        <voice>1</voice>
        <type>quarter</type>
        <time-modification>
          <actual-notes>3</actual-notes>
          <normal-notes>2</normal-notes>
          </time-modification>
        <stem>down</stem>
        <notations>
          <tuplet type="stop"/>
          </notations>
        </note>
      </measure>
    <measure number="19" width="258.82">
      <harmony print-frame="no">
        <root>
          <root-step>E</root-step>
          </root>
        <kind text="7">dominant</kind>
        </harmony>
      <note default-x="12.00" default-y="-20.00">
        <pitch>
          <step>B</step>
          <octave>3</octave>
          </pitch>
        <duration>6</duration>
        <voice>1</voice>
        <type>quarter</type>
        <stem>down</stem>
        </note>
      <note default-x="79.65" default-y="-30.00">
        <pitch>
          <step>G</step>
          <alter>1</alter>
          <octave>3</octave>
          </pitch>
        <duration>3</duration>
        <voice>1</voice>
        <type>eighth</type>
        <accidental>sharp</accidental>
        <stem>up</stem>
        <beam number="1">begin</beam>
        </note>
      <note default-x="121.92" default-y="-40.00">
        <pitch>
          <step>E</step>
          <octave>3</octave>
          </pitch>
        <duration>3</duration>
        <tie type="start"/>
        <voice>1</voice>
        <type>eighth</type>
        <stem>up</stem>
        <beam number="1">end</beam>
        <notations>
          <tied type="start"/>
          </notations>
        </note>
      <note default-x="164.20" default-y="-40.00">
        <pitch>
          <step>E</step>
          <octave>3</octave>
          </pitch>
        <duration>12</duration>
        <tie type="stop"/>
        <tie type="start"/>
        <voice>1</voice>
        <type>half</type>
        <stem>up</stem>
        <notations>
          <tied type="stop"/>
          <tied type="start"/>
          </notations>
        </note>
      </measure>
    <measure number="20" width="200.03">
      <note default-x="12.00" default-y="-40.00">
        <pitch>
          <step>E</step>
          <octave>3</octave>
          </pitch>
        <duration>24</duration>
        <tie type="stop"/>
        <voice>1</voice>
        <type>whole</type>
        <notations>
          <tied type="stop"/>
          </notations>
        </note>
      </measure>
    <measure number="21" width="288.47">
      <print new-system="yes">
        <system-layout>
          <system-margins>
            <left-margin>62.62</left-margin>
            <right-margin>-0.00</right-margin>
            </system-margins>
          <system-distance>92.50</system-distance>
          </system-layout>
        </print>
      <harmony print-frame="no">
        <root>
          <root-step>A</root-step>
          </root>
        <kind text="7">dominant</kind>
        </harmony>
      <note default-x="53.15" default-y="-25.00">
        <pitch>
          <step>A</step>
          <octave>3</octave>
          </pitch>
        <duration>9</duration>
        <voice>1</voice>
        <type>quarter</type>
        <dot/>
        <stem>up</stem>
        </note>
      <note default-x="141.67" default-y="-30.00">
        <pitch>
          <step>G</step>
          <octave>3</octave>
          </pitch>
        <duration>3</duration>
        <voice>1</voice>
        <type>eighth</type>
        <stem>up</stem>
        </note>
      <note default-x="187.05" default-y="-40.00">
        <pitch>
          <step>E</step>
          <octave>3</octave>
          </pitch>
        <duration>12</duration>
        <tie type="start"/>
        <voice>1</voice>
        <type>half</type>
        <stem>up</stem>
        <notations>
          <tied type="start"/>
          </notations>
        </note>
      </measure>
    <measure number="22" width="287.99">
      <note default-x="12.00" default-y="-40.00">
        <pitch>
          <step>E</step>
          <octave>3</octave>
          </pitch>
        <duration>6</duration>
        <tie type="stop"/>
        <voice>1</voice>
        <type>quarter</type>
        <stem>up</stem>
        <notations>
          <tied type="stop"/>
          </notations>
        </note>
      <note default-x="77.01" default-y="-45.00">
        <pitch>
          <step>D</step>
          <alter>1</alter>
          <octave>3</octave>
          </pitch>
        <duration>6</duration>
        <voice>1</voice>
        <type>quarter</type>
        <accidental>sharp</accidental>
        <stem>up</stem>
        </note>
      <note default-x="142.03" default-y="-40.00">
        <pitch>
          <step>E</step>
          <octave>3</octave>
          </pitch>
        <duration>4</duration>
        <voice>1</voice>
        <type>quarter</type>
        <time-modification>
          <actual-notes>3</actual-notes>
          <normal-notes>2</normal-notes>
          </time-modification>
        <stem>up</stem>
        <notations>
          <tuplet type="start" bracket="yes"/>
          </notations>
        </note>
      <note default-x="190.15" default-y="-20.00">
        <pitch>
          <step>B</step>
          <alter>-1</alter>
          <octave>3</octave>
          </pitch>
        <duration>4</duration>
        <voice>1</voice>
        <type>quarter</type>
        <accidental>flat</accidental>
        <time-modification>
          <actual-notes>3</actual-notes>
          <normal-notes>2</normal-notes>
          </time-modification>
        <stem>down</stem>
        </note>
      <note default-x="238.27" default-y="-25.00">
        <pitch>
          <step>A</step>
          <octave>3</octave>
          </pitch>
        <duration>4</duration>
        <voice>1</voice>
        <type>quarter</type>
        <time-modification>
          <actual-notes>3</actual-notes>
          <normal-notes>2</normal-notes>
          </time-modification>
        <stem>up</stem>
        <notations>
          <tuplet type="stop"/>
          </notations>
        </note>
      </measure>
    <measure number="23" width="213.38">
      <harmony print-frame="no">
        <root>
          <root-step>D</root-step>
          </root>
        <kind text="m">minor</kind>
        </harmony>
      <note default-x="12.00" default-y="-30.00">
        <pitch>
          <step>G</step>
          <octave>3</octave>
          </pitch>
        <duration>12</duration>
        <voice>1</voice>
        <type>half</type>
        <stem>up</stem>
        </note>
      <note default-x="111.89" default-y="-35.00">
        <pitch>
          <step>F</step>
          <octave>3</octave>
          </pitch>
        <duration>12</duration>
        <tie type="start"/>
        <voice>1</voice>
        <type>half</type>
        <stem>up</stem>
        <notations>
          <tied type="start"/>
          </notations>
        </note>
      </measure>
    <measure number="24" width="201.39">
      <note default-x="12.00" default-y="-35.00">
        <pitch>
          <step>F</step>
          <octave>3</octave>
          </pitch>
        <duration>24</duration>
        <tie type="stop"/>
        <voice>1</voice>
        <type>whole</type>
        <notations>
          <tied type="stop"/>
          </notations>
        </note>
      </measure>
    <measure number="25" width="283.00">
      <print new-system="yes">
        <system-layout>
          <system-margins>
            <left-margin>62.62</left-margin>
            <right-margin>-0.00</right-margin>
            </system-margins>
          <system-distance>92.50</system-distance>
          </system-layout>
        </print>
      <harmony print-frame="no">
        <root>
          <root-step>F</root-step>
          </root>
        <kind text="">major</kind>
        </harmony>
      <note default-x="53.15" default-y="-10.00">
        <pitch>
          <step>D</step>
          <octave>4</octave>
          </pitch>
        <duration>12</duration>
        <voice>1</voice>
        <type>half</type>
        <stem>down</stem>
        </note>
      <note default-x="154.60" default-y="-15.00">
        <pitch>
          <step>C</step>
          <octave>4</octave>
          </pitch>
        <duration>6</duration>
        <voice>1</voice>
        <type>quarter</type>
        <stem>down</stem>
        </note>
      <note default-x="218.00" default-y="-20.00">
        <pitch>
          <step>B</step>
          <octave>3</octave>
          </pitch>
        <duration>6</duration>
        <voice>1</voice>
        <type>quarter</type>
        <stem>down</stem>
        </note>
      </measure>
    <measure number="26" width="233.19">
      <harmony print-frame="no">
        <root>
          <root-step>F</root-step>
          </root>
        <kind text="m">minor</kind>
        </harmony>
      <note default-x="12.00" default-y="-10.00">
        <pitch>
          <step>D</step>
          <octave>4</octave>
          </pitch>
        <duration>18</duration>
        <voice>1</voice>
        <type>half</type>
        <dot/>
        <stem>down</stem>
        </note>
      <note default-x="157.18" default-y="-15.00">
        <pitch>
          <step>C</step>
          <octave>4</octave>
          </pitch>
        <duration>6</duration>
        <voice>1</voice>
        <type>quarter</type>
        <stem>down</stem>
        </note>
      </measure>
    <measure number="27" width="241.85">
      <harmony print-frame="no">
        <root>
          <root-step>C</root-step>
          </root>
        <kind text="Maj7">major-seventh</kind>
        </harmony>
      <note default-x="12.00" default-y="-20.00">
        <pitch>
          <step>B</step>
          <octave>3</octave>
          </pitch>
        <duration>12</duration>
        <voice>1</voice>
        <type>half</type>
        <stem>down</stem>
        </note>
      <harmony print-frame="no">
        <root>
          <root-step>E</root-step>
          </root>
        <kind text="m7">minor-seventh</kind>
        </harmony>
      <note default-x="113.45" default-y="-40.00">
        <pitch>
          <step>E</step>
          <octave>3</octave>
          </pitch>
        <duration>6</duration>
        <voice>1</voice>
        <type>quarter</type>
        <stem>up</stem>
        </note>
      <note default-x="176.85" default-y="-30.00">
        <pitch>
          <step>G</step>
          <octave>3</octave>
          </pitch>
        <duration>6</duration>
        <voice>1</voice>
        <type>quarter</type>
        <stem>up</stem>
        </note>
      </measure>
    <measure number="28" width="233.19">
      <harmony print-frame="no">
        <root>
          <root-step>A</root-step>
          </root>
        <kind text="7">dominant</kind>
        </harmony>
      <note default-x="12.00" default-y="-20.00">
        <pitch>
          <step>B</step>
          <octave>3</octave>
          </pitch>
        <duration>18</duration>
        <voice>1</voice>
        <type>half</type>
        <dot/>
        <stem>down</stem>
        </note>
      <note default-x="157.18" default-y="-25.00">
        <pitch>
          <step>A</step>
          <octave>3</octave>
          </pitch>
        <duration>6</duration>
        <voice>1</voice>
        <type>quarter</type>
        <stem>up</stem>
        </note>
      </measure>
    <measure number="29" width="295.49">
      <print new-system="yes">
        <system-layout>
          <system-margins>
            <left-margin>62.62</left-margin>
            <right-margin>-0.00</right-margin>
            </system-margins>
          <system-distance>92.50</system-distance>
          </system-layout>
        </print>
      <harmony print-frame="no">
        <root>
          <root-step>D</root-step>
          </root>
        <kind text="m7">minor-seventh</kind>
        </harmony>
      <note default-x="53.15" default-y="-15.00">
        <pitch>
          <step>C</step>
          <octave>4</octave>
          </pitch>
        <duration>12</duration>
        <voice>1</voice>
        <type>half</type>
        <stem>down</stem>
        </note>
      <note default-x="160.14" default-y="-25.00">
        <pitch>
          <step>A</step>
          <octave>3</octave>
          </pitch>
        <duration>6</duration>
        <voice>1</voice>
        <type>quarter</type>
        <stem>up</stem>
        </note>
      <note default-x="227.02" default-y="-15.00">
        <pitch>
          <step>C</step>
          <octave>4</octave>
          </pitch>
        <duration>6</duration>
        <voice>1</voice>
        <type>quarter</type>
        <stem>down</stem>
        </note>
      </measure>
    <measure number="30" width="237.91">
      <harmony print-frame="no">
        <root>
          <root-step>G</root-step>
          </root>
        <kind text="7">dominant</kind>
        </harmony>
      <note default-x="12.00" default-y="-5.00">
        <pitch>
          <step>E</step>
          <octave>4</octave>
          </pitch>
        <duration>12</duration>
        <voice>1</voice>
        <type>half</type>
        <stem>down</stem>
        </note>
      <note default-x="124.16" default-y="-5.00">
        <pitch>
          <step>E</step>
          <octave>4</octave>
          </pitch>
        <duration>12</duration>
        <voice>1</voice>
        <type>half</type>
        <stem>down</stem>
        </note>
      </measure>
    <measure number="31" width="225.91">
      <harmony print-frame="no">
        <root>
          <root-step>C</root-step>
          </root>
        <kind text="6">major-sixth</kind>
        </harmony>
      <note default-x="12.00" default-y="-15.00">
        <pitch>
          <step>C</step>
          <octave>4</octave>
          </pitch>
        <duration>24</duration>
        <tie type="start"/>
        <voice>1</voice>
        <type>whole</type>
        <notations>
          <tied type="start"/>
          </notations>
        </note>
      </measure>
    <measure number="32" width="231.91">
      <harmony print-frame="no">
        <root>
          <root-step>E</root-step>
          <root-alter>-1</root-alter>
          </root>
        <kind text="dim">diminished</kind>
        </harmony>
      <harmony print-frame="no">
        <root>
          <root-step>D</root-step>
          </root>
        <kind text="m7">minor-seventh</kind>
        </harmony>
      <harmony print-frame="no" relative-x="895.83">
        <root>
          <root-step>G</root-step>
          </root>
        <kind text="7">dominant</kind>
        </harmony>
      <direction placement="above">
        <direction-type>
          <words></words>
          </direction-type>
        </direction>
      <direction placement="above">
        <direction-type>
          <words>(</words>
          </direction-type>
        </direction>
      <direction placement="above">
        <direction-type>
          <words>)</words>
          </direction-type>
        </direction>
      <note default-x="12.00" default-y="-15.00">
        <pitch>
          <step>C</step>
          <octave>4</octave>
          </pitch>
        <duration>24</duration>
        <tie type="stop"/>
        <voice>1</voice>
        <type>whole</type>
        <notations>
          <tied type="stop"/>
          </notations>
        </note>
      <barline location="right">
        <bar-style>light-heavy</bar-style>
        </barline>
      </measure>
    </part>
  </score-partwise>
