<?xml version="1.0" encoding="UTF-8"?>
<!DOCTYPE score-partwise PUBLIC "-//Recordare//DTD MusicXML 2.0 Partwise//EN" "http://www.musicxml.org/dtds/partwise.dtd">
<score-partwise>
  <identification>
    <encoding>
      <software>MuseScore 1.3</software>
      <encoding-date>2014-01-10</encoding-date>
      </encoding>
    </identification>
  <defaults>
    <scaling>
      <millimeters>7.056</millimeters>
      <tenths>40</tenths>
      </scaling>
    <page-layout>
      <page-height>1683.67</page-height>
      <page-width>1190.48</page-width>
      <page-margins type="even">
        <left-margin>56.6893</left-margin>
        <right-margin>56.6893</right-margin>
        <top-margin>56.6893</top-margin>
        <bottom-margin>113.379</bottom-margin>
        </page-margins>
      <page-margins type="odd">
        <left-margin>56.6893</left-margin>
        <right-margin>56.6893</right-margin>
        <top-margin>56.6893</top-margin>
        <bottom-margin>113.379</bottom-margin>
        </page-margins>
      </page-layout>
    </defaults>
  <credit page="1">
    <credit-words default-x="595.238" default-y="1626.98" font-size="24" justify="center" valign="top">Body and soul</credit-words>
    </credit>
  <credit page="1">
    <credit-words default-x="1133.79" default-y="1559.98" font-size="12" justify="right" valign="top">Green</credit-words>
    </credit>
  <part-list>
    <part-group type="start" number="1">
      <group-symbol>brace</group-symbol>
      </part-group>
    <score-part id="P1">
      <part-name>Piano</part-name>
      <part-abbreviation>Pno.</part-abbreviation>
      <score-instrument id="P1-I3">
        <instrument-name>Piano</instrument-name>
        </score-instrument>
      <midi-instrument id="P1-I3">
        <midi-channel>1</midi-channel>
        <midi-program>1</midi-program>
        <volume>78.7402</volume>
        <pan>0</pan>
        </midi-instrument>
      </score-part>
    </part-list>
  <part id="P1">
    <measure number="1" width="357.18">
      <print>
        <system-layout>
          <system-margins>
            <left-margin>87.12</left-margin>
            <right-margin>0.00</right-margin>
            </system-margins>
          <top-system-distance>217.01</top-system-distance>
          </system-layout>
        </print>
      <attributes>
        <divisions>12</divisions>
        <key>
          <fifths>-5</fifths>
          <mode>major</mode>
          </key>
        <time>
          <beats>4</beats>
          <beat-type>4</beat-type>
          </time>
        <clef>
          <sign>G</sign>
          <line>2</line>
          </clef>
        </attributes>
      <harmony print-frame="no">
        <root>
          <root-step>E</root-step>
          <root-alter>-1</root-alter>
          </root>
        <kind text="m7">minor-seventh</kind>
        </harmony>
      <direction placement="above">
        <direction-type>
          <words>Ballad</words>
          </direction-type>
        <sound tempo="56"/>
        </direction>
      <note>
        <rest/>
        <duration>9</duration>
        <voice>1</voice>
        <type>eighth</type>
        <dot/>
        </note>
      <note default-x="167.40" default-y="-40.00">
        <pitch>
          <step>E</step>
          <alter>-1</alter>
          <octave>4</octave>
          </pitch>
        <duration>3</duration>
        <voice>1</voice>
        <type>16th</type>
        <stem>up</stem>
        <beam number="1">begin</beam>
        <beam number="2">forward hook</beam>
        </note>
      <note default-x="189.94" default-y="-35.00">
        <pitch>
          <step>F</step>
          <octave>4</octave>
          </pitch>
        <duration>9</duration>
        <voice>1</voice>
        <type>eighth</type>
        <dot/>
        <stem>up</stem>
        <beam number="1">continue</beam>
        </note>
      <note default-x="233.90" default-y="-40.00">
        <pitch>
          <step>E</step>
          <alter>-1</alter>
          <octave>4</octave>
          </pitch>
        <duration>3</duration>
        <voice>1</voice>
        <type>16th</type>
        <stem>up</stem>
        <beam number="1">end</beam>
        <beam number="2">backward hook</beam>
        </note>
      <harmony print-frame="no">
        <root>
          <root-step>B</root-step>
          <root-alter>-1</root-alter>
          </root>
        <kind text="7b9">dominant</kind>
        <degree>
          <degree-value>9</degree-value>
          <degree-alter>-1</degree-alter>
          <degree-type>add</degree-type>
          </degree>
        </harmony>
      <note default-x="256.43" default-y="-35.00">
        <pitch>
          <step>F</step>
          <octave>4</octave>
          </pitch>
        <duration>12</duration>
        <voice>1</voice>
        <type>quarter</type>
        <stem>up</stem>
        </note>
      <note default-x="306.01" default-y="-40.00">
        <pitch>
          <step>E</step>
          <alter>-1</alter>
          <octave>4</octave>
          </pitch>
        <duration>12</duration>
        <voice>1</voice>
        <type>quarter</type>
        <stem>up</stem>
        </note>
      </measure>
    <measure number="2" width="180.99">
      <harmony print-frame="no">
        <root>
          <root-step>E</root-step>
          <root-alter>-1</root-alter>
          </root>
        <kind text="m7">minor-seventh</kind>
        </harmony>
      <note default-x="12.00" default-y="-20.00">
        <pitch>
          <step>B</step>
          <alter>-1</alter>
          <octave>4</octave>
          </pitch>
        <duration>12</duration>
        <voice>1</voice>
        <type>quarter</type>
        <stem>down</stem>
        </note>
      <harmony print-frame="no">
        <root>
          <root-step>A</root-step>
          <root-alter>-1</root-alter>
          </root>
        <kind text="7">dominant</kind>
        </harmony>
      <note default-x="68.72" default-y="-20.00">
        <pitch>
          <step>B</step>
          <alter>-1</alter>
          <octave>4</octave>
          </pitch>
        <duration>36</duration>
        <voice>1</voice>
        <type>half</type>
        <dot/>
        <stem>down</stem>
        </note>
      </measure>
    <measure number="3" width="245.74">
      <harmony print-frame="no">
        <root>
          <root-step>D</root-step>
          <root-alter>-1</root-alter>
          </root>
        <kind text="Maj7">major-seventh</kind>
        </harmony>
      <note>
        <rest/>
        <duration>9</duration>
        <voice>1</voice>
        <type>eighth</type>
        <dot/>
        </note>
      <note default-x="55.96" default-y="-25.00">
        <pitch>
          <step>A</step>
          <alter>-1</alter>
          <octave>4</octave>
          </pitch>
        <duration>3</duration>
        <voice>1</voice>
        <type>16th</type>
        <stem>up</stem>
        <beam number="1">begin</beam>
        <beam number="2">forward hook</beam>
        </note>
      <note default-x="78.49" default-y="-20.00">
        <pitch>
          <step>B</step>
          <alter>-1</alter>
          <octave>4</octave>
          </pitch>
        <duration>9</duration>
        <voice>1</voice>
        <type>eighth</type>
        <dot/>
        <stem>up</stem>
        <beam number="1">continue</beam>
        </note>
      <note default-x="122.46" default-y="-25.00">
        <pitch>
          <step>A</step>
          <alter>-1</alter>
          <octave>4</octave>
          </pitch>
        <duration>3</duration>
        <voice>1</voice>
        <type>16th</type>
        <stem>up</stem>
        <beam number="1">end</beam>
        <beam number="2">backward hook</beam>
        </note>
      <harmony print-frame="no">
        <root>
          <root-step>G</root-step>
          <root-alter>-1</root-alter>
          </root>
        <kind text="7">dominant</kind>
        </harmony>
      <note default-x="144.99" default-y="-20.00">
        <pitch>
          <step>B</step>
          <alter>-1</alter>
          <octave>4</octave>
          </pitch>
        <duration>12</duration>
        <voice>1</voice>
        <type>quarter</type>
        <stem>down</stem>
        </note>
      <note default-x="194.56" default-y="-25.00">
        <pitch>
          <step>A</step>
          <alter>-1</alter>
          <octave>4</octave>
          </pitch>
        <duration>12</duration>
        <voice>1</voice>
        <type>quarter</type>
        <stem>up</stem>
        </note>
      </measure>
    <measure number="4" width="206.07">
      <harmony print-frame="no">
        <root>
          <root-step>F</root-step>
          </root>
        <kind text="m7">minor-seventh</kind>
        </harmony>
      <note default-x="12.00" default-y="-5.00">
        <pitch>
          <step>E</step>
          <alter>-1</alter>
          <octave>5</octave>
          </pitch>
        <duration>12</duration>
        <voice>1</voice>
        <type>quarter</type>
        <stem>down</stem>
        </note>
      <note default-x="60.12" default-y="-10.00">
        <pitch>
          <step>D</step>
          <alter>-1</alter>
          <octave>5</octave>
          </pitch>
        <duration>12</duration>
        <voice>1</voice>
        <type>quarter</type>
        <stem>down</stem>
        </note>
      <harmony print-frame="no">
        <root>
          <root-step>E</root-step>
          </root>
        <kind text="dim7">diminished-seventh</kind>
        </harmony>
      <note default-x="108.24" default-y="-15.00">
        <pitch>
          <step>C</step>
          <octave>5</octave>
          </pitch>
        <duration>12</duration>
        <voice>1</voice>
        <type>quarter</type>
        <stem>down</stem>
        </note>
      <note default-x="156.36" default-y="-20.00">
        <pitch>
          <step>B</step>
          <alter>-1</alter>
          <octave>4</octave>
          </pitch>
        <duration>12</duration>
        <voice>1</voice>
        <type>quarter</type>
        <stem>down</stem>
        </note>
      </measure>
    <measure number="5" width="330.40">
      <print new-system="yes">
        <system-layout>
          <system-margins>
            <left-margin>75.84</left-margin>
            <right-margin>0.00</right-margin>
            </system-margins>
          <system-distance>129.51</system-distance>
          </system-layout>
        </print>
      <harmony print-frame="no">
        <root>
          <root-step>E</root-step>
          <root-alter>-1</root-alter>
          </root>
        <kind text="m7">minor-seventh</kind>
        </harmony>
      <note>
        <rest/>
        <duration>12</duration>
        <voice>1</voice>
        <type>quarter</type>
        </note>
      <note default-x="155.63" default-y="-10.00">
        <pitch>
          <step>D</step>
          <alter>-1</alter>
          <octave>5</octave>
          </pitch>
        <duration>12</duration>
        <voice>1</voice>
        <type>quarter</type>
        <stem>down</stem>
        </note>
      <note default-x="208.91" default-y="-20.00">
        <pitch>
          <step>B</step>
          <alter>-1</alter>
          <octave>4</octave>
          </pitch>
        <duration>6</duration>
        <voice>1</voice>
        <type>eighth</type>
        <stem>down</stem>
        </note>
      <note default-x="242.21" default-y="-30.00">
        <pitch>
          <step>G</step>
          <alter>-1</alter>
          <octave>4</octave>
          </pitch>
        <duration>12</duration>
        <voice>1</voice>
        <type>quarter</type>
        <stem>up</stem>
        </note>
      <note default-x="295.49" default-y="-55.00">
        <pitch>
          <step>B</step>
          <alter>-1</alter>
          <octave>3</octave>
          </pitch>
        <duration>6</duration>
        <voice>1</voice>
        <type>eighth</type>
        <stem>up</stem>
        </note>
      </measure>
    <measure number="6" width="184.69">
      <harmony print-frame="no">
        <root>
          <root-step>C</root-step>
          </root>
        <kind text="m7b5">half-diminished</kind>
        </harmony>
      <note default-x="12.00" default-y="-35.00">
        <pitch>
          <step>F</step>
          <octave>4</octave>
          </pitch>
        <duration>24</duration>
        <voice>1</voice>
        <type>half</type>
        <stem>up</stem>
        </note>
      <harmony print-frame="no">
        <root>
          <root-step>F</root-step>
          </root>
        <kind text="7b9">dominant</kind>
        <degree>
          <degree-value>9</degree-value>
          <degree-alter>-1</degree-alter>
          <degree-type>add</degree-type>
          </degree>
        </harmony>
      <note default-x="97.54" default-y="-40.00">
        <pitch>
          <step>E</step>
          <alter>-1</alter>
          <octave>4</octave>
          </pitch>
        <duration>24</duration>
        <voice>1</voice>
        <type>half</type>
        <stem>up</stem>
        </note>
      </measure>
    <measure number="7" width="300.39">
      <harmony print-frame="no">
        <root>
          <root-step>B</root-step>
          <root-alter>-1</root-alter>
          </root>
        <kind text="m7">minor-seventh</kind>
        </harmony>
      <note>
        <rest/>
        <duration>9</duration>
        <voice>1</voice>
        <type>eighth</type>
        <dot/>
        </note>
      <note default-x="59.22" default-y="-45.00">
        <pitch>
          <step>D</step>
          <alter>-1</alter>
          <octave>4</octave>
          </pitch>
        <duration>3</duration>
        <voice>1</voice>
        <type>16th</type>
        <stem>up</stem>
        <beam number="1">begin</beam>
        <beam number="2">forward hook</beam>
        </note>
      <note default-x="83.42" default-y="-40.00">
        <pitch>
          <step>E</step>
          <alter>-1</alter>
          <octave>4</octave>
          </pitch>
        <duration>9</duration>
        <voice>1</voice>
        <type>eighth</type>
        <dot/>
        <stem>up</stem>
        <beam number="1">continue</beam>
        </note>
      <note default-x="130.64" default-y="-35.00">
        <pitch>
          <step>F</step>
          <octave>4</octave>
          </pitch>
        <duration>3</duration>
        <voice>1</voice>
        <type>16th</type>
        <stem>up</stem>
        <beam number="1">end</beam>
        <beam number="2">backward hook</beam>
        </note>
      <harmony print-frame="no">
        <root>
          <root-step>E</root-step>
          <root-alter>-1</root-alter>
          </root>
        <kind text="7">dominant</kind>
        </harmony>
      <note default-x="154.85" default-y="-25.00">
        <pitch>
          <step>A</step>
          <alter>-1</alter>
          <octave>4</octave>
          </pitch>
        <duration>12</duration>
        <voice>1</voice>
        <type>quarter</type>
        <stem>up</stem>
        </note>
      <harmony print-frame="no">
        <root>
          <root-step>E</root-step>
          <root-alter>-1</root-alter>
          </root>
        <kind text="m7">minor-seventh</kind>
        </harmony>
      <note default-x="208.09" default-y="-25.00">
        <pitch>
          <step>A</step>
          <alter>-1</alter>
          <octave>4</octave>
          </pitch>
        <duration>4</duration>
        <voice>1</voice>
        <type>eighth</type>
        <time-modification>
          <actual-notes>3</actual-notes>
          <normal-notes>2</normal-notes>
          </time-modification>
        <stem>up</stem>
        <beam number="1">begin</beam>
        <notations>
          <tuplet type="start" bracket="no"/>
          </notations>
        </note>
      <harmony print-frame="no">
        <root>
          <root-step>A</root-step>
          <root-alter>-1</root-alter>
          </root>
        <kind text="7">dominant</kind>
        </harmony>
      <note default-x="238.33" default-y="-20.00">
        <pitch>
          <step>B</step>
          <alter>-1</alter>
          <octave>4</octave>
          </pitch>
        <duration>4</duration>
        <voice>1</voice>
        <type>eighth</type>
        <time-modification>
          <actual-notes>3</actual-notes>
          <normal-notes>2</normal-notes>
          </time-modification>
        <stem>up</stem>
        <beam number="1">continue</beam>
        </note>
      <note default-x="268.56" default-y="-40.00">
        <pitch>
          <step>E</step>
          <octave>4</octave>
          </pitch>
        <duration>4</duration>
        <voice>1</voice>
        <type>eighth</type>
        <accidental>natural</accidental>
        <time-modification>
          <actual-notes>3</actual-notes>
          <normal-notes>2</normal-notes>
          </time-modification>
        <stem>up</stem>
        <beam number="1">end</beam>
        <notations>
          <tuplet type="stop"/>
          </notations>
        </note>
      </measure>
    <measure number="8" width="185.79">
      <harmony print-frame="no">
        <root>
          <root-step>D</root-step>
          <root-alter>-1</root-alter>
          </root>
        <kind text="6">major-sixth</kind>
        </harmony>
      <note default-x="12.00" default-y="-45.00">
        <pitch>
          <step>D</step>
          <alter>-1</alter>
          <octave>4</octave>
          </pitch>
        <duration>24</duration>
        <voice>1</voice>
        <type>half</type>
        <stem>up</stem>
        </note>
      <harmony print-frame="no">
        <root>
          <root-step>B</root-step>
          <root-alter>-1</root-alter>
          </root>
        <kind text="7b9">dominant</kind>
        <degree>
          <degree-value>9</degree-value>
          <degree-alter>-1</degree-alter>
          <degree-type>add</degree-type>
          </degree>
        </harmony>
      <note>
        <rest/>
        <duration>24</duration>
        <voice>1</voice>
        <type>half</type>
        </note>
      </measure>
    <measure number="9" width="344.18">
      <print new-system="yes">
        <system-layout>
          <system-margins>
            <left-margin>75.84</left-margin>
            <right-margin>0.00</right-margin>
            </system-margins>
          <system-distance>129.51</system-distance>
          </system-layout>
        </print>
      <harmony print-frame="no">
        <root>
          <root-step>E</root-step>
          <root-alter>-1</root-alter>
          </root>
        <kind text="m7">minor-seventh</kind>
        </harmony>
      <note>
        <rest/>
        <duration>9</duration>
        <voice>1</voice>
        <type>eighth</type>
        <dot/>
        </note>
      <note default-x="147.84" default-y="-40.00">
        <pitch>
          <step>E</step>
          <alter>-1</alter>
          <octave>4</octave>
          </pitch>
        <duration>3</duration>
        <voice>1</voice>
        <type>16th</type>
        <stem>up</stem>
        <beam number="1">begin</beam>
        <beam number="2">forward hook</beam>
        </note>
      <note default-x="171.16" default-y="-35.00">
        <pitch>
          <step>F</step>
          <octave>4</octave>
          </pitch>
        <duration>9</duration>
        <voice>1</voice>
        <type>eighth</type>
        <dot/>
        <stem>up</stem>
        <beam number="1">continue</beam>
        </note>
      <note default-x="216.66" default-y="-40.00">
        <pitch>
          <step>E</step>
          <alter>-1</alter>
          <octave>4</octave>
          </pitch>
        <duration>3</duration>
        <voice>1</voice>
        <type>16th</type>
        <stem>up</stem>
        <beam number="1">end</beam>
        <beam number="2">backward hook</beam>
        </note>
      <harmony print-frame="no">
        <root>
          <root-step>B</root-step>
          <root-alter>-1</root-alter>
          </root>
        <kind text="7b9">dominant</kind>
        <degree>
          <degree-value>9</degree-value>
          <degree-alter>-1</degree-alter>
          <degree-type>add</degree-type>
          </degree>
        </harmony>
      <note default-x="239.98" default-y="-35.00">
        <pitch>
          <step>F</step>
          <octave>4</octave>
          </pitch>
        <duration>12</duration>
        <voice>1</voice>
        <type>quarter</type>
        <stem>up</stem>
        </note>
      <note default-x="291.28" default-y="-40.00">
        <pitch>
          <step>E</step>
          <alter>-1</alter>
          <octave>4</octave>
          </pitch>
        <duration>12</duration>
        <voice>1</voice>
        <type>quarter</type>
        <stem>up</stem>
        </note>
      </measure>
    <measure number="10" width="189.08">
      <harmony print-frame="no">
        <root>
          <root-step>E</root-step>
          <root-alter>-1</root-alter>
          </root>
        <kind text="m7">minor-seventh</kind>
        </harmony>
      <note default-x="12.00" default-y="-20.00">
        <pitch>
          <step>B</step>
          <alter>-1</alter>
          <octave>4</octave>
          </pitch>
        <duration>12</duration>
        <voice>1</voice>
        <type>quarter</type>
        <stem>down</stem>
        </note>
      <harmony print-frame="no">
        <root>
          <root-step>A</root-step>
          <root-alter>-1</root-alter>
          </root>
        <kind text="7">dominant</kind>
        </harmony>
      <note default-x="71.47" default-y="-20.00">
        <pitch>
          <step>B</step>
          <alter>-1</alter>
          <octave>4</octave>
          </pitch>
        <duration>36</duration>
        <voice>1</voice>
        <type>half</type>
        <dot/>
        <stem>down</stem>
        </note>
      </measure>
    <measure number="11" width="253.83">
      <harmony print-frame="no">
        <root>
          <root-step>D</root-step>
          <root-alter>-1</root-alter>
          </root>
        <kind text="Maj7">major-seventh</kind>
        </harmony>
      <note>
        <rest/>
        <duration>9</duration>
        <voice>1</voice>
        <type>eighth</type>
        <dot/>
        </note>
      <note default-x="57.49" default-y="-25.00">
        <pitch>
          <step>A</step>
          <alter>-1</alter>
          <octave>4</octave>
          </pitch>
        <duration>3</duration>
        <voice>1</voice>
        <type>16th</type>
        <stem>up</stem>
        <beam number="1">begin</beam>
        <beam number="2">forward hook</beam>
        </note>
      <note default-x="80.81" default-y="-20.00">
        <pitch>
          <step>B</step>
          <alter>-1</alter>
          <octave>4</octave>
          </pitch>
        <duration>9</duration>
        <voice>1</voice>
        <type>eighth</type>
        <dot/>
        <stem>up</stem>
        <beam number="1">continue</beam>
        </note>
      <note default-x="126.31" default-y="-25.00">
        <pitch>
          <step>A</step>
          <alter>-1</alter>
          <octave>4</octave>
          </pitch>
        <duration>3</duration>
        <voice>1</voice>
        <type>16th</type>
        <stem>up</stem>
        <beam number="1">end</beam>
        <beam number="2">backward hook</beam>
        </note>
      <harmony print-frame="no">
        <root>
          <root-step>G</root-step>
          <root-alter>-1</root-alter>
          </root>
        <kind text="7">dominant</kind>
        </harmony>
      <note default-x="149.63" default-y="-20.00">
        <pitch>
          <step>B</step>
          <alter>-1</alter>
          <octave>4</octave>
          </pitch>
        <duration>12</duration>
        <voice>1</voice>
        <type>quarter</type>
        <stem>down</stem>
        </note>
      <note default-x="200.93" default-y="-25.00">
        <pitch>
          <step>A</step>
          <alter>-1</alter>
          <octave>4</octave>
          </pitch>
        <duration>12</duration>
        <voice>1</voice>
        <type>quarter</type>
        <stem>up</stem>
        </note>
      </measure>
    <measure number="12" width="214.17">
      <harmony print-frame="no">
        <root>
          <root-step>F</root-step>
          </root>
        <kind text="m7">minor-seventh</kind>
        </harmony>
      <note default-x="12.00" default-y="-5.00">
        <pitch>
          <step>E</step>
          <alter>-1</alter>
          <octave>5</octave>
          </pitch>
        <duration>12</duration>
        <voice>1</voice>
        <type>quarter</type>
        <stem>down</stem>
        </note>
      <note default-x="62.14" default-y="-10.00">
        <pitch>
          <step>D</step>
          <alter>-1</alter>
          <octave>5</octave>
          </pitch>
        <duration>12</duration>
        <voice>1</voice>
        <type>quarter</type>
        <stem>down</stem>
        </note>
      <harmony print-frame="no">
        <root>
          <root-step>E</root-step>
          </root>
        <kind text="dim7">diminished-seventh</kind>
        </harmony>
      <note default-x="112.28" default-y="-15.00">
        <pitch>
          <step>C</step>
          <octave>5</octave>
          </pitch>
        <duration>12</duration>
        <voice>1</voice>
        <type>quarter</type>
        <stem>down</stem>
        </note>
      <note default-x="162.43" default-y="-20.00">
        <pitch>
          <step>B</step>
          <alter>-1</alter>
          <octave>4</octave>
          </pitch>
        <duration>12</duration>
        <voice>1</voice>
        <type>quarter</type>
        <stem>down</stem>
        </note>
      </measure>
    <measure number="13" width="328.40">
      <print new-system="yes">
        <system-layout>
          <system-margins>
            <left-margin>75.84</left-margin>
            <right-margin>0.00</right-margin>
            </system-margins>
          <system-distance>129.51</system-distance>
          </system-layout>
        </print>
      <harmony print-frame="no">
        <root>
          <root-step>E</root-step>
          <root-alter>-1</root-alter>
          </root>
        <kind text="m7">minor-seventh</kind>
        </harmony>
      <note>
        <rest/>
        <duration>12</duration>
        <voice>1</voice>
        <type>quarter</type>
        </note>
      <note default-x="155.16" default-y="-10.00">
        <pitch>
          <step>D</step>
          <alter>-1</alter>
          <octave>5</octave>
          </pitch>
        <duration>12</duration>
        <voice>1</voice>
        <type>quarter</type>
        <stem>down</stem>
        </note>
      <note default-x="207.97" default-y="-20.00">
        <pitch>
          <step>B</step>
          <alter>-1</alter>
          <octave>4</octave>
          </pitch>
        <duration>6</duration>
        <voice>1</voice>
        <type>eighth</type>
        <stem>down</stem>
        </note>
      <note default-x="240.98" default-y="-30.00">
        <pitch>
          <step>G</step>
          <alter>-1</alter>
          <octave>4</octave>
          </pitch>
        <duration>12</duration>
        <voice>1</voice>
        <type>quarter</type>
        <stem>up</stem>
        </note>
      <note default-x="293.79" default-y="-55.00">
        <pitch>
          <step>B</step>
          <alter>-1</alter>
          <octave>3</octave>
          </pitch>
        <duration>6</duration>
        <voice>1</voice>
        <type>eighth</type>
        <stem>up</stem>
        </note>
      </measure>
    <measure number="14" width="182.69">
      <harmony print-frame="no">
        <root>
          <root-step>C</root-step>
          </root>
        <kind text="m7b5">half-diminished</kind>
        </harmony>
      <note default-x="12.00" default-y="-35.00">
        <pitch>
          <step>F</step>
          <octave>4</octave>
          </pitch>
        <duration>24</duration>
        <voice>1</voice>
        <type>half</type>
        <stem>up</stem>
        </note>
      <harmony print-frame="no">
        <root>
          <root-step>F</root-step>
          </root>
        <kind text="7b9">dominant</kind>
        <degree>
          <degree-value>9</degree-value>
          <degree-alter>-1</degree-alter>
          <degree-type>add</degree-type>
          </degree>
        </harmony>
      <note default-x="96.54" default-y="-40.00">
        <pitch>
          <step>E</step>
          <alter>-1</alter>
          <octave>4</octave>
          </pitch>
        <duration>24</duration>
        <voice>1</voice>
        <type>half</type>
        <stem>up</stem>
        </note>
      </measure>
    <measure number="15" width="298.39">
      <harmony print-frame="no">
        <root>
          <root-step>B</root-step>
          <root-alter>-1</root-alter>
          </root>
        <kind text="m7">minor-seventh</kind>
        </harmony>
      <note>
        <rest/>
        <duration>9</duration>
        <voice>1</voice>
        <type>eighth</type>
        <dot/>
        </note>
      <note default-x="58.89" default-y="-45.00">
        <pitch>
          <step>D</step>
          <alter>-1</alter>
          <octave>4</octave>
          </pitch>
        <duration>3</duration>
        <voice>1</voice>
        <type>16th</type>
        <stem>up</stem>
        <beam number="1">begin</beam>
        <beam number="2">forward hook</beam>
        </note>
      <note default-x="82.93" default-y="-40.00">
        <pitch>
          <step>E</step>
          <alter>-1</alter>
          <octave>4</octave>
          </pitch>
        <duration>9</duration>
        <voice>1</voice>
        <type>eighth</type>
        <dot/>
        <stem>up</stem>
        <beam number="1">continue</beam>
        </note>
      <note default-x="129.82" default-y="-35.00">
        <pitch>
          <step>F</step>
          <octave>4</octave>
          </pitch>
        <duration>3</duration>
        <voice>1</voice>
        <type>16th</type>
        <stem>up</stem>
        <beam number="1">end</beam>
        <beam number="2">backward hook</beam>
        </note>
      <harmony print-frame="no">
        <root>
          <root-step>E</root-step>
          <root-alter>-1</root-alter>
          </root>
        <kind text="7">dominant</kind>
        </harmony>
      <note default-x="153.85" default-y="-25.00">
        <pitch>
          <step>A</step>
          <alter>-1</alter>
          <octave>4</octave>
          </pitch>
        <duration>12</duration>
        <voice>1</voice>
        <type>quarter</type>
        <stem>up</stem>
        </note>
      <harmony print-frame="no">
        <root>
          <root-step>E</root-step>
          <root-alter>-1</root-alter>
          </root>
        <kind text="m7">minor-seventh</kind>
        </harmony>
      <note default-x="206.73" default-y="-25.00">
        <pitch>
          <step>A</step>
          <alter>-1</alter>
          <octave>4</octave>
          </pitch>
        <duration>4</duration>
        <voice>1</voice>
        <type>eighth</type>
        <time-modification>
          <actual-notes>3</actual-notes>
          <normal-notes>2</normal-notes>
          </time-modification>
        <stem>up</stem>
        <beam number="1">begin</beam>
        <notations>
          <tuplet type="start" bracket="no"/>
          </notations>
        </note>
      <harmony print-frame="no">
        <root>
          <root-step>A</root-step>
          <root-alter>-1</root-alter>
          </root>
        <kind text="7">dominant</kind>
        </harmony>
      <note default-x="236.75" default-y="-20.00">
        <pitch>
          <step>B</step>
          <alter>-1</alter>
          <octave>4</octave>
          </pitch>
        <duration>4</duration>
        <voice>1</voice>
        <type>eighth</type>
        <time-modification>
          <actual-notes>3</actual-notes>
          <normal-notes>2</normal-notes>
          </time-modification>
        <stem>up</stem>
        <beam number="1">continue</beam>
        </note>
      <note default-x="266.77" default-y="-40.00">
        <pitch>
          <step>E</step>
          <octave>4</octave>
          </pitch>
        <duration>4</duration>
        <voice>1</voice>
        <type>eighth</type>
        <accidental>natural</accidental>
        <time-modification>
          <actual-notes>3</actual-notes>
          <normal-notes>2</normal-notes>
          </time-modification>
        <stem>up</stem>
        <beam number="1">end</beam>
        <notations>
          <tuplet type="stop"/>
          </notations>
        </note>
      </measure>
    <measure number="16" width="191.79">
      <harmony print-frame="no">
        <root>
          <root-step>D</root-step>
          <root-alter>-1</root-alter>
          </root>
        <kind text="6">major-sixth</kind>
        </harmony>
      <note default-x="12.00" default-y="-45.00">
        <pitch>
          <step>D</step>
          <alter>-1</alter>
          <octave>4</octave>
          </pitch>
        <duration>24</duration>
        <voice>1</voice>
        <type>half</type>
        <stem>up</stem>
        </note>
      <direction>
        <direction-type>
          <words default-y="100"></words>
          </direction-type>
        </direction>
      <harmony print-frame="no">
        <root>
          <root-step>E</root-step>
          </root>
        <kind text="m7">minor-seventh</kind>
        </harmony>
      <note>
        <rest/>
        <duration>12</duration>
        <voice>1</voice>
        <type>quarter</type>
        </note>
      <harmony print-frame="no">
        <root>
          <root-step>A</root-step>
          </root>
        <kind text="7">dominant</kind>
        </harmony>
      <note>
        <rest/>
        <duration>12</duration>
        <voice>1</voice>
        <type>quarter</type>
        </note>
      </measure>
    <measure number="17" width="363.82">
      <print new-system="yes">
        <system-layout>
          <system-margins>
            <left-margin>75.84</left-margin>
            <right-margin>0.00</right-margin>
            </system-margins>
          <system-distance>129.51</system-distance>
          </system-layout>
        </print>
      <harmony print-frame="no">
        <root>
          <root-step>D</root-step>
          </root>
        <kind text="Maj7">major-seventh</kind>
        </harmony>
      <note>
        <rest/>
        <duration>9</duration>
        <voice>1</voice>
        <type>eighth</type>
        <dot/>
        </note>
      <note default-x="145.94" default-y="-45.00">
        <pitch>
          <step>D</step>
          <octave>4</octave>
          </pitch>
        <duration>3</duration>
        <voice>1</voice>
        <type>16th</type>
        <accidental>natural</accidental>
        <stem>up</stem>
        <beam number="1">begin</beam>
        <beam number="2">forward hook</beam>
        </note>
      <note default-x="171.97" default-y="-40.00">
        <pitch>
          <step>E</step>
          <octave>4</octave>
          </pitch>
        <duration>9</duration>
        <voice>1</voice>
        <type>eighth</type>
        <dot/>
        <accidental>natural</accidental>
        <stem>up</stem>
        <beam number="1">continue</beam>
        </note>
      <note default-x="215.55" default-y="-35.00">
        <pitch>
          <step>F</step>
          <alter>1</alter>
          <octave>4</octave>
          </pitch>
        <duration>3</duration>
        <voice>1</voice>
        <type>16th</type>
        <accidental>sharp</accidental>
        <stem>up</stem>
        <beam number="1">end</beam>
        <beam number="2">backward hook</beam>
        </note>
      <harmony print-frame="no">
        <root>
          <root-step>E</root-step>
          </root>
        <kind text="m7">minor-seventh</kind>
        </harmony>
      <note default-x="241.58" default-y="-25.00">
        <pitch>
          <step>A</step>
          <octave>4</octave>
          </pitch>
        <duration>6</duration>
        <voice>1</voice>
        <type>eighth</type>
        <accidental>natural</accidental>
        <stem>up</stem>
        </note>
      <note default-x="277.33" default-y="-25.00">
        <pitch>
          <step>A</step>
          <octave>4</octave>
          </pitch>
        <duration>12</duration>
        <voice>1</voice>
        <type>quarter</type>
        <stem>up</stem>
        </note>
      <note default-x="326.48" default-y="-25.00">
        <pitch>
          <step>A</step>
          <octave>4</octave>
          </pitch>
        <duration>6</duration>
        <voice>1</voice>
        <type>eighth</type>
        <stem>up</stem>
        </note>
      </measure>
    <measure number="18" width="251.58">
      <harmony print-frame="no">
        <root>
          <root-step>F</root-step>
          <root-alter>1</root-alter>
          </root>
        <kind text="m7">minor-seventh</kind>
        </harmony>
      <note default-x="12.47" default-y="-10.00">
        <pitch>
          <step>D</step>
          <octave>5</octave>
          </pitch>
        <duration>6</duration>
        <voice>1</voice>
        <type>eighth</type>
        <accidental>natural</accidental>
        <stem>down</stem>
        </note>
      <note default-x="45.12" default-y="-10.00">
        <pitch>
          <step>D</step>
          <octave>5</octave>
          </pitch>
        <duration>12</duration>
        <voice>1</voice>
        <type>quarter</type>
        <stem>down</stem>
        </note>
      <note default-x="97.38" default-y="-35.00">
        <pitch>
          <step>F</step>
          <alter>1</alter>
          <octave>4</octave>
          </pitch>
        <duration>6</duration>
        <voice>1</voice>
        <type>eighth</type>
        <accidental>sharp</accidental>
        <stem>up</stem>
        </note>
      <harmony print-frame="no">
        <root>
          <root-step>G</root-step>
          </root>
        <kind text="m7">minor-seventh</kind>
        </harmony>
      <note default-x="132.41" default-y="-25.00">
        <pitch>
          <step>A</step>
          <octave>4</octave>
          </pitch>
        <duration>6</duration>
        <voice>1</voice>
        <type>eighth</type>
        <accidental>natural</accidental>
        <stem>up</stem>
        </note>
      <note default-x="165.07" default-y="-25.00">
        <pitch>
          <step>A</step>
          <octave>4</octave>
          </pitch>
        <duration>12</duration>
        <voice>1</voice>
        <type>quarter</type>
        <stem>up</stem>
        </note>
      <harmony print-frame="no">
        <root>
          <root-step>C</root-step>
          </root>
        <kind text="7">dominant</kind>
        </harmony>
      <note default-x="217.32" default-y="-30.00">
        <pitch>
          <step>G</step>
          <octave>4</octave>
          </pitch>
        <duration>6</duration>
        <voice>1</voice>
        <type>eighth</type>
        <accidental>natural</accidental>
        <stem>up</stem>
        </note>
      </measure>
    <measure number="19" width="255.77">
      <harmony print-frame="no">
        <root>
          <root-step>F</root-step>
          <root-alter>1</root-alter>
          </root>
        <kind text="m7">minor-seventh</kind>
        </harmony>
      <note default-x="16.80" default-y="-35.00">
        <pitch>
          <step>F</step>
          <alter>1</alter>
          <octave>4</octave>
          </pitch>
        <duration>6</duration>
        <voice>1</voice>
        <type>eighth</type>
        <accidental>sharp</accidental>
        <stem>up</stem>
        </note>
      <harmony print-frame="no" relative-x="140.00">
        <root>
          <root-step>B</root-step>
          </root>
        <kind text="7">dominant</kind>
        </harmony>
      <note default-x="49.43" default-y="-35.00">
        <pitch>
          <step>F</step>
          <alter>1</alter>
          <octave>4</octave>
          </pitch>
        <duration>12</duration>
        <voice>1</voice>
        <type>quarter</type>
        <stem>up</stem>
        </note>
      <harmony print-frame="no" relative-x="100.00">
        <root>
          <root-step>E</root-step>
          </root>
        <kind text="m7">minor-seventh</kind>
        </harmony>
      <note default-x="101.65" default-y="-45.00">
        <pitch>
          <step>D</step>
          <octave>4</octave>
          </pitch>
        <duration>6</duration>
        <voice>1</voice>
        <type>eighth</type>
        <accidental>natural</accidental>
        <stem>up</stem>
        </note>
      <note default-x="136.69" default-y="-40.00">
        <pitch>
          <step>E</step>
          <octave>4</octave>
          </pitch>
        <duration>12</duration>
        <voice>1</voice>
        <type>quarter</type>
        <accidental>natural</accidental>
        <stem>up</stem>
        </note>
      <harmony print-frame="no">
        <root>
          <root-step>A</root-step>
          </root>
        <kind text="7">dominant</kind>
        </harmony>
      <note default-x="188.90" default-y="-50.00">
        <pitch>
          <step>C</step>
          <alter>1</alter>
          <octave>4</octave>
          </pitch>
        <duration>6</duration>
        <voice>1</voice>
        <type>eighth</type>
        <accidental>sharp</accidental>
        <stem>up</stem>
        <beam number="1">begin</beam>
        </note>
      <note default-x="221.54" default-y="-60.00">
        <pitch>
          <step>A</step>
          <octave>3</octave>
          </pitch>
        <duration>6</duration>
        <tie type="start"/>
        <voice>1</voice>
        <type>eighth</type>
        <accidental>natural</accidental>
        <stem>up</stem>
        <beam number="1">end</beam>
        <notations>
          <tied type="start"/>
          </notations>
        </note>
      </measure>
    <measure number="20" width="130.08">
      <harmony print-frame="no">
        <root>
          <root-step>D</root-step>
          </root>
        <kind text="Maj7">major-seventh</kind>
        </harmony>
      <note default-x="12.00" default-y="-60.00">
        <pitch>
          <step>A</step>
          <octave>3</octave>
          </pitch>
        <duration>36</duration>
        <tie type="stop"/>
        <voice>1</voice>
        <type>half</type>
        <dot/>
        <stem>up</stem>
        <notations>
          <tied type="stop"/>
          </notations>
        </note>
      <note>
        <rest/>
        <duration>12</duration>
        <voice>1</voice>
        <type>quarter</type>
        </note>
      </measure>
    <measure number="21" width="358.29">
      <print new-system="yes">
        <system-layout>
          <system-margins>
            <left-margin>75.84</left-margin>
            <right-margin>0.00</right-margin>
            </system-margins>
          <system-distance>129.51</system-distance>
          </system-layout>
        </print>
      <harmony print-frame="no">
        <root>
          <root-step>D</root-step>
          </root>
        <kind text="m7">minor-seventh</kind>
        </harmony>
      <note>
        <rest/>
        <duration>9</duration>
        <voice>1</voice>
        <type>eighth</type>
        <dot/>
        </note>
      <note default-x="144.78" default-y="-45.00">
        <pitch>
          <step>D</step>
          <octave>4</octave>
          </pitch>
        <duration>3</duration>
        <voice>1</voice>
        <type>16th</type>
        <accidental>natural</accidental>
        <stem>up</stem>
        <beam number="1">begin</beam>
        <beam number="2">forward hook</beam>
        </note>
      <note default-x="170.81" default-y="-40.00">
        <pitch>
          <step>E</step>
          <octave>4</octave>
          </pitch>
        <duration>9</duration>
        <voice>1</voice>
        <type>eighth</type>
        <dot/>
        <accidental>natural</accidental>
        <stem>up</stem>
        <beam number="1">continue</beam>
        </note>
      <note default-x="213.23" default-y="-35.00">
        <pitch>
          <step>F</step>
          <octave>4</octave>
          </pitch>
        <duration>3</duration>
        <voice>1</voice>
        <type>16th</type>
        <stem>up</stem>
        <beam number="1">end</beam>
        <beam number="2">backward hook</beam>
        </note>
      <harmony print-frame="no">
        <root>
          <root-step>G</root-step>
          </root>
        <kind text="7">dominant</kind>
        </harmony>
      <note default-x="239.26" default-y="-25.00">
        <pitch>
          <step>A</step>
          <octave>4</octave>
          </pitch>
        <duration>6</duration>
        <voice>1</voice>
        <type>eighth</type>
        <accidental>natural</accidental>
        <stem>up</stem>
        </note>
      <note default-x="274.05" default-y="-25.00">
        <pitch>
          <step>A</step>
          <octave>4</octave>
          </pitch>
        <duration>12</duration>
        <voice>1</voice>
        <type>quarter</type>
        <stem>up</stem>
        </note>
      <note default-x="321.90" default-y="-30.00">
        <pitch>
          <step>G</step>
          <octave>4</octave>
          </pitch>
        <duration>6</duration>
        <voice>1</voice>
        <type>eighth</type>
        <accidental>natural</accidental>
        <stem>up</stem>
        </note>
      </measure>
    <measure number="22" width="228.03">
      <harmony print-frame="no">
        <root>
          <root-step>E</root-step>
          </root>
        <kind text="m7">minor-seventh</kind>
        </harmony>
      <note default-x="12.47" default-y="-5.00">
        <pitch>
          <step>E</step>
          <octave>5</octave>
          </pitch>
        <duration>6</duration>
        <voice>1</voice>
        <type>eighth</type>
        <accidental>natural</accidental>
        <stem>down</stem>
        </note>
      <note default-x="41.79" default-y="-5.00">
        <pitch>
          <step>E</step>
          <octave>5</octave>
          </pitch>
        <duration>12</duration>
        <voice>1</voice>
        <type>quarter</type>
        <stem>down</stem>
        </note>
      <note default-x="88.70" default-y="-20.00">
        <pitch>
          <step>B</step>
          <octave>4</octave>
          </pitch>
        <duration>6</duration>
        <voice>1</voice>
        <type>eighth</type>
        <accidental>natural</accidental>
        <stem>down</stem>
        </note>
      <harmony print-frame="no">
        <root>
          <root-step>E</root-step>
          <root-alter>-1</root-alter>
          </root>
        <kind text="dim7">diminished-seventh</kind>
        </harmony>
      <note default-x="118.02" default-y="-10.00">
        <pitch>
          <step>D</step>
          <octave>5</octave>
          </pitch>
        <duration>6</duration>
        <voice>1</voice>
        <type>eighth</type>
        <accidental>natural</accidental>
        <stem>down</stem>
        </note>
      <note default-x="147.34" default-y="-10.00">
        <pitch>
          <step>D</step>
          <octave>5</octave>
          </pitch>
        <duration>12</duration>
        <voice>1</voice>
        <type>quarter</type>
        <stem>down</stem>
        </note>
      <note default-x="194.26" default-y="-25.00">
        <pitch>
          <step>A</step>
          <octave>4</octave>
          </pitch>
        <duration>6</duration>
        <voice>1</voice>
        <type>eighth</type>
        <accidental>natural</accidental>
        <stem>up</stem>
        </note>
      </measure>
    <measure number="23" width="236.57">
      <harmony print-frame="no">
        <root>
          <root-step>D</root-step>
          </root>
        <kind text="m7">minor-seventh</kind>
        </harmony>
      <note default-x="12.00" default-y="-15.00">
        <pitch>
          <step>C</step>
          <octave>5</octave>
          </pitch>
        <duration>6</duration>
        <voice>1</voice>
        <type>eighth</type>
        <stem>down</stem>
        </note>
      <note default-x="41.95" default-y="-15.00">
        <pitch>
          <step>C</step>
          <octave>5</octave>
          </pitch>
        <duration>12</duration>
        <voice>1</voice>
        <type>quarter</type>
        <stem>down</stem>
        </note>
      <note default-x="89.88" default-y="-25.00">
        <pitch>
          <step>A</step>
          <octave>4</octave>
          </pitch>
        <duration>6</duration>
        <voice>1</voice>
        <type>eighth</type>
        <accidental>natural</accidental>
        <stem>up</stem>
        </note>
      <harmony print-frame="no">
        <root>
          <root-step>G</root-step>
          </root>
        <kind text="7">dominant</kind>
        </harmony>
      <note default-x="124.92" default-y="-20.00">
        <pitch>
          <step>B</step>
          <octave>4</octave>
          </pitch>
        <duration>6</duration>
        <voice>1</voice>
        <type>eighth</type>
        <accidental>natural</accidental>
        <stem>down</stem>
        </note>
      <note default-x="154.87" default-y="-20.00">
        <pitch>
          <step>B</step>
          <octave>4</octave>
          </pitch>
        <duration>12</duration>
        <voice>1</voice>
        <type>quarter</type>
        <stem>down</stem>
        </note>
      <note default-x="202.80" default-y="-30.00">
        <pitch>
          <step>G</step>
          <octave>4</octave>
          </pitch>
        <duration>6</duration>
        <voice>1</voice>
        <type>eighth</type>
        <accidental>natural</accidental>
        <stem>up</stem>
        </note>
      </measure>
    <measure number="24" width="178.36">
      <harmony print-frame="no">
        <root>
          <root-step>C</root-step>
          </root>
        <kind text="7">dominant</kind>
        </harmony>
      <note default-x="12.47" default-y="-40.00">
        <pitch>
          <step>E</step>
          <octave>4</octave>
          </pitch>
        <duration>12</duration>
        <voice>1</voice>
        <type>quarter</type>
        <accidental>natural</accidental>
        <stem>up</stem>
        </note>
      <harmony print-frame="no">
        <root>
          <root-step>B</root-step>
          </root>
        <kind text="7">dominant</kind>
        </harmony>
      <note default-x="53.54" default-y="-40.00">
        <pitch>
          <step>E</step>
          <alter>-1</alter>
          <octave>4</octave>
          </pitch>
        <duration>12</duration>
        <voice>1</voice>
        <type>quarter</type>
        <accidental>flat</accidental>
        <stem>up</stem>
        </note>
      <harmony print-frame="no">
        <root>
          <root-step>B</root-step>
          <root-alter>-1</root-alter>
          </root>
        <kind text="7">dominant</kind>
        </harmony>
      <note default-x="94.61" default-y="-45.00">
        <pitch>
          <step>D</step>
          <octave>4</octave>
          </pitch>
        <duration>12</duration>
        <voice>1</voice>
        <type>quarter</type>
        <accidental>natural</accidental>
        <stem>up</stem>
        </note>
      <harmony print-frame="no">
        <root>
          <root-step>B</root-step>
          <root-alter>-1</root-alter>
          </root>
        <kind text="7+">augmented-seventh</kind>
        </harmony>
      <note default-x="135.69" default-y="-20.00">
        <pitch>
          <step>B</step>
          <alter>-1</alter>
          <octave>4</octave>
          </pitch>
        <duration>12</duration>
        <voice>1</voice>
        <type>quarter</type>
        <stem>down</stem>
        </note>
      </measure>
    <measure number="25" width="344.18">
      <print new-system="yes">
        <system-layout>
          <system-margins>
            <left-margin>75.84</left-margin>
            <right-margin>0.00</right-margin>
            </system-margins>
          <system-distance>129.51</system-distance>
          </system-layout>
        </print>
      <harmony print-frame="no">
        <root>
          <root-step>E</root-step>
          <root-alter>-1</root-alter>
          </root>
        <kind text="m7">minor-seventh</kind>
        </harmony>
      <note>
        <rest/>
        <duration>9</duration>
        <voice>1</voice>
        <type>eighth</type>
        <dot/>
        </note>
      <note default-x="147.84" default-y="-40.00">
        <pitch>
          <step>E</step>
          <alter>-1</alter>
          <octave>4</octave>
          </pitch>
        <duration>3</duration>
        <voice>1</voice>
        <type>16th</type>
        <stem>up</stem>
        <beam number="1">begin</beam>
        <beam number="2">forward hook</beam>
        </note>
      <note default-x="171.16" default-y="-35.00">
        <pitch>
          <step>F</step>
          <octave>4</octave>
          </pitch>
        <duration>9</duration>
        <voice>1</voice>
        <type>eighth</type>
        <dot/>
        <stem>up</stem>
        <beam number="1">continue</beam>
        </note>
      <note default-x="216.66" default-y="-40.00">
        <pitch>
          <step>E</step>
          <alter>-1</alter>
          <octave>4</octave>
          </pitch>
        <duration>3</duration>
        <voice>1</voice>
        <type>16th</type>
        <stem>up</stem>
        <beam number="1">end</beam>
        <beam number="2">backward hook</beam>
        </note>
      <harmony print-frame="no">
        <root>
          <root-step>B</root-step>
          <root-alter>-1</root-alter>
          </root>
        <kind text="7b9">dominant</kind>
        <degree>
          <degree-value>9</degree-value>
          <degree-alter>-1</degree-alter>
          <degree-type>add</degree-type>
          </degree>
        </harmony>
      <note default-x="239.98" default-y="-35.00">
        <pitch>
          <step>F</step>
          <octave>4</octave>
          </pitch>
        <duration>12</duration>
        <voice>1</voice>
        <type>quarter</type>
        <stem>up</stem>
        </note>
      <note default-x="291.28" default-y="-40.00">
        <pitch>
          <step>E</step>
          <alter>-1</alter>
          <octave>4</octave>
          </pitch>
        <duration>12</duration>
        <voice>1</voice>
        <type>quarter</type>
        <stem>up</stem>
        </note>
      </measure>
    <measure number="26" width="189.08">
      <harmony print-frame="no">
        <root>
          <root-step>E</root-step>
          <root-alter>-1</root-alter>
          </root>
        <kind text="m7">minor-seventh</kind>
        </harmony>
      <note default-x="12.00" default-y="-20.00">
        <pitch>
          <step>B</step>
          <alter>-1</alter>
          <octave>4</octave>
          </pitch>
        <duration>12</duration>
        <voice>1</voice>
        <type>quarter</type>
        <stem>down</stem>
        </note>
      <harmony print-frame="no">
        <root>
          <root-step>A</root-step>
          <root-alter>-1</root-alter>
          </root>
        <kind text="7">dominant</kind>
        </harmony>
      <note default-x="71.47" default-y="-20.00">
        <pitch>
          <step>B</step>
          <alter>-1</alter>
          <octave>4</octave>
          </pitch>
        <duration>36</duration>
        <voice>1</voice>
        <type>half</type>
        <dot/>
        <stem>down</stem>
        </note>
      </measure>
    <measure number="27" width="253.83">
      <harmony print-frame="no">
        <root>
          <root-step>D</root-step>
          <root-alter>-1</root-alter>
          </root>
        <kind text="Maj7">major-seventh</kind>
        </harmony>
      <note>
        <rest/>
        <duration>9</duration>
        <voice>1</voice>
        <type>eighth</type>
        <dot/>
        </note>
      <note default-x="57.49" default-y="-25.00">
        <pitch>
          <step>A</step>
          <alter>-1</alter>
          <octave>4</octave>
          </pitch>
        <duration>3</duration>
        <voice>1</voice>
        <type>16th</type>
        <stem>up</stem>
        <beam number="1">begin</beam>
        <beam number="2">forward hook</beam>
        </note>
      <note default-x="80.81" default-y="-20.00">
        <pitch>
          <step>B</step>
          <alter>-1</alter>
          <octave>4</octave>
          </pitch>
        <duration>9</duration>
        <voice>1</voice>
        <type>eighth</type>
        <dot/>
        <stem>up</stem>
        <beam number="1">continue</beam>
        </note>
      <note default-x="126.31" default-y="-25.00">
        <pitch>
          <step>A</step>
          <alter>-1</alter>
          <octave>4</octave>
          </pitch>
        <duration>3</duration>
        <voice>1</voice>
        <type>16th</type>
        <stem>up</stem>
        <beam number="1">end</beam>
        <beam number="2">backward hook</beam>
        </note>
      <harmony print-frame="no">
        <root>
          <root-step>G</root-step>
          <root-alter>-1</root-alter>
          </root>
        <kind text="7">dominant</kind>
        </harmony>
      <note default-x="149.63" default-y="-20.00">
        <pitch>
          <step>B</step>
          <alter>-1</alter>
          <octave>4</octave>
          </pitch>
        <duration>12</duration>
        <voice>1</voice>
        <type>quarter</type>
        <stem>down</stem>
        </note>
      <note default-x="200.93" default-y="-25.00">
        <pitch>
          <step>A</step>
          <alter>-1</alter>
          <octave>4</octave>
          </pitch>
        <duration>12</duration>
        <voice>1</voice>
        <type>quarter</type>
        <stem>up</stem>
        </note>
      </measure>
    <measure number="28" width="214.17">
      <harmony print-frame="no">
        <root>
          <root-step>F</root-step>
          </root>
        <kind text="m7">minor-seventh</kind>
        </harmony>
      <note default-x="12.00" default-y="-5.00">
        <pitch>
          <step>E</step>
          <alter>-1</alter>
          <octave>5</octave>
          </pitch>
        <duration>12</duration>
        <voice>1</voice>
        <type>quarter</type>
        <stem>down</stem>
        </note>
      <note default-x="62.14" default-y="-10.00">
        <pitch>
          <step>D</step>
          <alter>-1</alter>
          <octave>5</octave>
          </pitch>
        <duration>12</duration>
        <voice>1</voice>
        <type>quarter</type>
        <stem>down</stem>
        </note>
      <harmony print-frame="no">
        <root>
          <root-step>E</root-step>
          </root>
        <kind text="dim7">diminished-seventh</kind>
        </harmony>
      <note default-x="112.28" default-y="-15.00">
        <pitch>
          <step>C</step>
          <octave>5</octave>
          </pitch>
        <duration>12</duration>
        <voice>1</voice>
        <type>quarter</type>
        <stem>down</stem>
        </note>
      <note default-x="162.43" default-y="-20.00">
        <pitch>
          <step>B</step>
          <alter>-1</alter>
          <octave>4</octave>
          </pitch>
        <duration>12</duration>
        <voice>1</voice>
        <type>quarter</type>
        <stem>down</stem>
        </note>
      </measure>
    <measure number="29" width="295.62">
      <print new-system="yes">
        <system-layout>
          <system-margins>
            <left-margin>75.84</left-margin>
            <right-margin>0.00</right-margin>
            </system-margins>
          <system-distance>129.51</system-distance>
          </system-layout>
        </print>
      <harmony print-frame="no">
        <root>
          <root-step>E</root-step>
          <root-alter>-1</root-alter>
          </root>
        <kind text="m7">minor-seventh</kind>
        </harmony>
      <note>
        <rest/>
        <duration>12</duration>
        <voice>1</voice>
        <type>quarter</type>
        </note>
      <note default-x="146.35" default-y="-10.00">
        <pitch>
          <step>D</step>
          <alter>-1</alter>
          <octave>5</octave>
          </pitch>
        <duration>12</duration>
        <voice>1</voice>
        <type>quarter</type>
        <stem>down</stem>
        </note>
      <note default-x="190.35" default-y="-20.00">
        <pitch>
          <step>B</step>
          <alter>-1</alter>
          <octave>4</octave>
          </pitch>
        <duration>6</duration>
        <voice>1</voice>
        <type>eighth</type>
        <stem>down</stem>
        </note>
      <note default-x="217.85" default-y="-30.00">
        <pitch>
          <step>G</step>
          <alter>-1</alter>
          <octave>4</octave>
          </pitch>
        <duration>12</duration>
        <voice>1</voice>
        <type>quarter</type>
        <stem>up</stem>
        </note>
      <note default-x="261.85" default-y="-55.00">
        <pitch>
          <step>B</step>
          <alter>-1</alter>
          <octave>3</octave>
          </pitch>
        <duration>6</duration>
        <voice>1</voice>
        <type>eighth</type>
        <stem>up</stem>
        </note>
      </measure>
    <measure number="30" width="149.91">
      <harmony print-frame="no">
        <root>
          <root-step>C</root-step>
          </root>
        <kind text="m7b5">half-diminished</kind>
        </harmony>
      <note default-x="12.00" default-y="-35.00">
        <pitch>
          <step>F</step>
          <octave>4</octave>
          </pitch>
        <duration>24</duration>
        <voice>1</voice>
        <type>half</type>
        <stem>up</stem>
        </note>
      <harmony print-frame="no">
        <root>
          <root-step>F</root-step>
          </root>
        <kind text="7b9">dominant</kind>
        <degree>
          <degree-value>9</degree-value>
          <degree-alter>-1</degree-alter>
          <degree-type>add</degree-type>
          </degree>
        </harmony>
      <note default-x="80.16" default-y="-40.00">
        <pitch>
          <step>E</step>
          <alter>-1</alter>
          <octave>4</octave>
          </pitch>
        <duration>24</duration>
        <voice>1</voice>
        <type>half</type>
        <stem>up</stem>
        </note>
      </measure>
    <measure number="31" width="265.61">
      <harmony print-frame="no">
        <root>
          <root-step>B</root-step>
          <root-alter>-1</root-alter>
          </root>
        <kind text="m7">minor-seventh</kind>
        </harmony>
      <note>
        <rest/>
        <duration>9</duration>
        <voice>1</voice>
        <type>eighth</type>
        <dot/>
        </note>
      <note default-x="53.49" default-y="-45.00">
        <pitch>
          <step>D</step>
          <alter>-1</alter>
          <octave>4</octave>
          </pitch>
        <duration>3</duration>
        <voice>1</voice>
        <type>16th</type>
        <stem>up</stem>
        <beam number="1">begin</beam>
        <beam number="2">forward hook</beam>
        </note>
      <note default-x="74.76" default-y="-40.00">
        <pitch>
          <step>E</step>
          <alter>-1</alter>
          <octave>4</octave>
          </pitch>
        <duration>9</duration>
        <voice>1</voice>
        <type>eighth</type>
        <dot/>
        <stem>up</stem>
        <beam number="1">continue</beam>
        </note>
      <note default-x="116.26" default-y="-35.00">
        <pitch>
          <step>F</step>
          <octave>4</octave>
          </pitch>
        <duration>3</duration>
        <voice>1</voice>
        <type>16th</type>
        <stem>up</stem>
        <beam number="1">end</beam>
        <beam number="2">backward hook</beam>
        </note>
      <harmony print-frame="no">
        <root>
          <root-step>E</root-step>
          <root-alter>-1</root-alter>
          </root>
        <kind text="7">dominant</kind>
        </harmony>
      <note default-x="137.52" default-y="-25.00">
        <pitch>
          <step>A</step>
          <alter>-1</alter>
          <octave>4</octave>
          </pitch>
        <duration>12</duration>
        <voice>1</voice>
        <type>quarter</type>
        <stem>up</stem>
        </note>
      <harmony print-frame="no">
        <root>
          <root-step>E</root-step>
          <root-alter>-1</root-alter>
          </root>
        <kind text="m7">minor-seventh</kind>
        </harmony>
      <note default-x="184.32" default-y="-25.00">
        <pitch>
          <step>A</step>
          <alter>-1</alter>
          <octave>4</octave>
          </pitch>
        <duration>4</duration>
        <voice>1</voice>
        <type>eighth</type>
        <time-modification>
          <actual-notes>3</actual-notes>
          <normal-notes>2</normal-notes>
          </time-modification>
        <stem>up</stem>
        <beam number="1">begin</beam>
        <notations>
          <tuplet type="start" bracket="no"/>
          </notations>
        </note>
      <harmony print-frame="no">
        <root>
          <root-step>A</root-step>
          <root-alter>-1</root-alter>
          </root>
        <kind text="7">dominant</kind>
        </harmony>
      <note default-x="210.88" default-y="-20.00">
        <pitch>
          <step>B</step>
          <alter>-1</alter>
          <octave>4</octave>
          </pitch>
        <duration>4</duration>
        <voice>1</voice>
        <type>eighth</type>
        <time-modification>
          <actual-notes>3</actual-notes>
          <normal-notes>2</normal-notes>
          </time-modification>
        <stem>up</stem>
        <beam number="1">continue</beam>
        </note>
      <note default-x="237.44" default-y="-40.00">
        <pitch>
          <step>E</step>
          <octave>4</octave>
          </pitch>
        <duration>4</duration>
        <voice>1</voice>
        <type>eighth</type>
        <accidental>natural</accidental>
        <time-modification>
          <actual-notes>3</actual-notes>
          <normal-notes>2</normal-notes>
          </time-modification>
        <stem>up</stem>
        <beam number="1">end</beam>
        <notations>
          <tuplet type="stop"/>
          </notations>
        </note>
      </measure>
    <measure number="32" width="151.01">
      <harmony print-frame="no">
        <root>
          <root-step>D</root-step>
          <root-alter>-1</root-alter>
          </root>
        <kind text="6">major-sixth</kind>
        </harmony>
      <note default-x="12.00" default-y="-45.00">
        <pitch>
          <step>D</step>
          <alter>-1</alter>
          <octave>4</octave>
          </pitch>
        <duration>24</duration>
        <voice>1</voice>
        <type>half</type>
        <stem>up</stem>
        </note>
      <note>
        <rest/>
        <duration>24</duration>
        <voice>1</voice>
        <type>half</type>
        </note>
      </measure>
    <measure number="33" width="139.11">
      <note>
        <rest/>
        <duration>48</duration>
        <voice>1</voice>
        </note>
      <barline location="right">
        <bar-style>light-heavy</bar-style>
        </barline>
      </measure>
    </part>
  </score-partwise>
