<?xml version="1.0" encoding="UTF-8"?>
<!DOCTYPE score-partwise PUBLIC "-//Recordare//DTD MusicXML 2.0 Partwise//EN" "http://www.musicxml.org/dtds/partwise.dtd">
<score-partwise>
  <identification>
    <encoding>
      <software>MuseScore 1.3</software>
      <encoding-date>2014-01-11</encoding-date>
      </encoding>
    </identification>
  <defaults>
    <scaling>
      <millimeters>7.056</millimeters>
      <tenths>40</tenths>
      </scaling>
    <page-layout>
      <page-height>1683.67</page-height>
      <page-width>1190.48</page-width>
      <page-margins type="even">
        <left-margin>56.6893</left-margin>
        <right-margin>56.6893</right-margin>
        <top-margin>56.6893</top-margin>
        <bottom-margin>113.379</bottom-margin>
        </page-margins>
      <page-margins type="odd">
        <left-margin>56.6893</left-margin>
        <right-margin>56.6893</right-margin>
        <top-margin>56.6893</top-margin>
        <bottom-margin>113.379</bottom-margin>
        </page-margins>
      </page-layout>
    </defaults>
  <credit page="1">
    <credit-words default-x="595.238" default-y="1626.98" font-size="24" justify="center" valign="top">Just Friends</credit-words>
    </credit>
  <credit page="1">
    <credit-words default-x="1133.79" default-y="1559.98" font-size="12" justify="right" valign="top">Klemer Lewis</credit-words>
    </credit>
  <part-list>
    <part-group type="start" number="1">
      <group-symbol>brace</group-symbol>
      </part-group>
    <score-part id="P1">
      <part-name>Piano</part-name>
      <part-abbreviation>Pno.</part-abbreviation>
      <score-instrument id="P1-I3">
        <instrument-name>Piano</instrument-name>
        </score-instrument>
      <midi-instrument id="P1-I3">
        <midi-channel>1</midi-channel>
        <midi-program>1</midi-program>
        <volume>78.7402</volume>
        <pan>0</pan>
        </midi-instrument>
      </score-part>
    </part-list>
  <part id="P1">
    <measure number="1" width="271.56">
      <print>
        <system-layout>
          <system-margins>
            <left-margin>87.12</left-margin>
            <right-margin>0.00</right-margin>
            </system-margins>
          <top-system-distance>217.01</top-system-distance>
          </system-layout>
        </print>
      <attributes>
        <divisions>6</divisions>
        <key>
          <fifths>1</fifths>
          <mode>major</mode>
          </key>
        <time>
          <beats>4</beats>
          <beat-type>4</beat-type>
          </time>
        <clef>
          <sign>G</sign>
          <line>2</line>
          </clef>
        </attributes>
      <direction placement="above">
        <direction-type>
          <words>Medium</words>
          </direction-type>
        <sound tempo="120"/>
        </direction>
      <note>
        <rest/>
        <duration>6</duration>
        <voice>1</voice>
        <type>quarter</type>
        </note>
      <note>
        <rest/>
        <duration>6</duration>
        <voice>1</voice>
        <type>quarter</type>
        </note>
      <note>
        <rest/>
        <duration>6</duration>
        <voice>1</voice>
        <type>quarter</type>
        </note>
      <note default-x="223.78" default-y="-20.00">
        <pitch>
          <step>B</step>
          <octave>4</octave>
          </pitch>
        <duration>6</duration>
        <voice>1</voice>
        <type>quarter</type>
        <stem>down</stem>
        </note>
      </measure>
    <measure number="2" width="164.46">
      <harmony print-frame="no">
        <root>
          <root-step>C</root-step>
          </root>
        <kind text="Maj7">major-seventh</kind>
        </harmony>
      <note default-x="12.00" default-y="-20.00">
        <pitch>
          <step>B</step>
          <octave>4</octave>
          </pitch>
        <duration>24</duration>
        <tie type="start"/>
        <voice>1</voice>
        <type>whole</type>
        <notations>
          <tied type="start"/>
          </notations>
        </note>
      </measure>
    <measure number="3" width="210.04">
      <note default-x="12.00" default-y="-20.00">
        <pitch>
          <step>B</step>
          <octave>4</octave>
          </pitch>
        <duration>12</duration>
        <tie type="stop"/>
        <voice>1</voice>
        <type>half</type>
        <stem>down</stem>
        <notations>
          <tied type="stop"/>
          </notations>
        </note>
      <note default-x="89.41" default-y="-25.00">
        <pitch>
          <step>A</step>
          <octave>4</octave>
          </pitch>
        <duration>4</duration>
        <voice>1</voice>
        <type>quarter</type>
        <time-modification>
          <actual-notes>3</actual-notes>
          <normal-notes>2</normal-notes>
          </time-modification>
        <stem>up</stem>
        <notations>
          <tuplet type="start" bracket="yes"/>
          </notations>
        </note>
      <note default-x="129.09" default-y="-20.00">
        <pitch>
          <step>B</step>
          <octave>4</octave>
          </pitch>
        <duration>4</duration>
        <voice>1</voice>
        <type>quarter</type>
        <time-modification>
          <actual-notes>3</actual-notes>
          <normal-notes>2</normal-notes>
          </time-modification>
        <stem>down</stem>
        </note>
      <note default-x="168.77" default-y="-25.00">
        <pitch>
          <step>A</step>
          <octave>4</octave>
          </pitch>
        <duration>4</duration>
        <voice>1</voice>
        <type>quarter</type>
        <time-modification>
          <actual-notes>3</actual-notes>
          <normal-notes>2</normal-notes>
          </time-modification>
        <stem>up</stem>
        <notations>
          <tuplet type="stop"/>
          </notations>
        </note>
      </measure>
    <measure number="4" width="167.46">
      <harmony print-frame="no">
        <root>
          <root-step>C</root-step>
          </root>
        <kind text="m7">minor-seventh</kind>
        </harmony>
      <note default-x="15.00" default-y="-40.00">
        <pitch>
          <step>E</step>
          <alter>-1</alter>
          <octave>4</octave>
          </pitch>
        <duration>24</duration>
        <tie type="start"/>
        <voice>1</voice>
        <type>whole</type>
        <accidental>flat</accidental>
        <notations>
          <tied type="start"/>
          </notations>
        </note>
      </measure>
    <measure number="5" width="176.46">
      <harmony print-frame="no">
        <root>
          <root-step>F</root-step>
          </root>
        <kind text="7">dominant</kind>
        </harmony>
      <note default-x="12.00" default-y="-40.00">
        <pitch>
          <step>E</step>
          <alter>-1</alter>
          <octave>4</octave>
          </pitch>
        <duration>12</duration>
        <tie type="stop"/>
        <voice>1</voice>
        <type>half</type>
        <stem>up</stem>
        <notations>
          <tied type="stop"/>
          </notations>
        </note>
      <note default-x="93.43" default-y="-25.00">
        <pitch>
          <step>A</step>
          <octave>4</octave>
          </pitch>
        <duration>12</duration>
        <voice>1</voice>
        <type>half</type>
        <stem>up</stem>
        </note>
      </measure>
    <measure number="6" width="268.23">
      <print new-system="yes">
        <system-layout>
          <system-margins>
            <left-margin>75.84</left-margin>
            <right-margin>0.00</right-margin>
            </system-margins>
          <system-distance>129.51</system-distance>
          </system-layout>
        </print>
      <harmony print-frame="no">
        <root>
          <root-step>G</root-step>
          </root>
        <kind text="Maj7">major-seventh</kind>
        </harmony>
      <note default-x="64.15" default-y="-25.00">
        <pitch>
          <step>A</step>
          <octave>4</octave>
          </pitch>
        <duration>24</duration>
        <tie type="start"/>
        <voice>1</voice>
        <type>whole</type>
        <notations>
          <tied type="start"/>
          </notations>
        </note>
      </measure>
    <measure number="7" width="278.09">
      <note default-x="12.00" default-y="-25.00">
        <pitch>
          <step>A</step>
          <octave>4</octave>
          </pitch>
        <duration>6</duration>
        <tie type="stop"/>
        <voice>1</voice>
        <type>quarter</type>
        <stem>up</stem>
        <notations>
          <tied type="stop"/>
          </notations>
        </note>
      <note default-x="74.67" default-y="-25.00">
        <pitch>
          <step>A</step>
          <octave>4</octave>
          </pitch>
        <duration>6</duration>
        <voice>1</voice>
        <type>quarter</type>
        <stem>up</stem>
        </note>
      <note default-x="137.33" default-y="-30.00">
        <pitch>
          <step>G</step>
          <octave>4</octave>
          </pitch>
        <duration>4</duration>
        <voice>1</voice>
        <type>quarter</type>
        <time-modification>
          <actual-notes>3</actual-notes>
          <normal-notes>2</normal-notes>
          </time-modification>
        <stem>up</stem>
        <notations>
          <tuplet type="start" bracket="yes"/>
          </notations>
        </note>
      <note default-x="183.72" default-y="-25.00">
        <pitch>
          <step>A</step>
          <octave>4</octave>
          </pitch>
        <duration>4</duration>
        <voice>1</voice>
        <type>quarter</type>
        <time-modification>
          <actual-notes>3</actual-notes>
          <normal-notes>2</normal-notes>
          </time-modification>
        <stem>up</stem>
        </note>
      <note default-x="230.11" default-y="-30.00">
        <pitch>
          <step>G</step>
          <octave>4</octave>
          </pitch>
        <duration>4</duration>
        <voice>1</voice>
        <type>quarter</type>
        <time-modification>
          <actual-notes>3</actual-notes>
          <normal-notes>2</normal-notes>
          </time-modification>
        <stem>up</stem>
        <notations>
          <tuplet type="stop"/>
          </notations>
        </note>
      </measure>
    <measure number="8" width="219.08">
      <harmony print-frame="no">
        <root>
          <root-step>B</root-step>
          <root-alter>-1</root-alter>
          </root>
        <kind text="m7">minor-seventh</kind>
        </harmony>
      <note default-x="15.00" default-y="-45.00">
        <pitch>
          <step>D</step>
          <alter>-1</alter>
          <octave>4</octave>
          </pitch>
        <duration>24</duration>
        <tie type="start"/>
        <voice>1</voice>
        <type>whole</type>
        <accidental>flat</accidental>
        <notations>
          <tied type="start"/>
          </notations>
        </note>
      </measure>
    <measure number="9" width="235.85">
      <harmony print-frame="no">
        <root>
          <root-step>E</root-step>
          <root-alter>-1</root-alter>
          </root>
        <kind text="7">dominant</kind>
        </harmony>
      <note default-x="12.00" default-y="-45.00">
        <pitch>
          <step>D</step>
          <alter>-1</alter>
          <octave>4</octave>
          </pitch>
        <duration>18</duration>
        <tie type="stop"/>
        <voice>1</voice>
        <type>half</type>
        <dot/>
        <stem>up</stem>
        <notations>
          <tied type="stop"/>
          </notations>
        </note>
      <note default-x="158.93" default-y="-30.00">
        <pitch>
          <step>G</step>
          <octave>4</octave>
          </pitch>
        <duration>6</duration>
        <voice>1</voice>
        <type>quarter</type>
        <stem>up</stem>
        </note>
      </measure>
    <measure number="10" width="313.21">
      <print new-system="yes">
        <system-layout>
          <system-margins>
            <left-margin>75.84</left-margin>
            <right-margin>0.00</right-margin>
            </system-margins>
          <system-distance>129.51</system-distance>
          </system-layout>
        </print>
      <harmony print-frame="no">
        <root>
          <root-step>A</root-step>
          </root>
        <kind text="m7">minor-seventh</kind>
        </harmony>
      <note default-x="64.15" default-y="-30.00">
        <pitch>
          <step>G</step>
          <octave>4</octave>
          </pitch>
        <duration>9</duration>
        <voice>1</voice>
        <type>quarter</type>
        <dot/>
        <stem>up</stem>
        </note>
      <note default-x="145.95" default-y="-40.00">
        <pitch>
          <step>E</step>
          <octave>4</octave>
          </pitch>
        <duration>3</duration>
        <voice>1</voice>
        <type>eighth</type>
        <stem>up</stem>
        </note>
      <note default-x="187.88" default-y="-30.00">
        <pitch>
          <step>G</step>
          <octave>4</octave>
          </pitch>
        <duration>9</duration>
        <voice>1</voice>
        <type>quarter</type>
        <dot/>
        <stem>up</stem>
        </note>
      <note default-x="269.68" default-y="-40.00">
        <pitch>
          <step>E</step>
          <octave>4</octave>
          </pitch>
        <duration>3</duration>
        <voice>1</voice>
        <type>eighth</type>
        <stem>up</stem>
        </note>
      </measure>
    <measure number="11" width="200.95">
      <harmony print-frame="no">
        <root>
          <root-step>D</root-step>
          </root>
        <kind text="7">dominant</kind>
        </harmony>
      <note default-x="12.00" default-y="-35.00">
        <pitch>
          <step>F</step>
          <alter>1</alter>
          <octave>4</octave>
          </pitch>
        <duration>18</duration>
        <voice>1</voice>
        <type>half</type>
        <dot/>
        <stem>up</stem>
        </note>
      <note default-x="135.86" default-y="-35.00">
        <pitch>
          <step>F</step>
          <alter>1</alter>
          <octave>4</octave>
          </pitch>
        <duration>6</duration>
        <voice>1</voice>
        <type>quarter</type>
        <stem>up</stem>
        </note>
      </measure>
    <measure number="12" width="261.06">
      <harmony print-frame="no">
        <root>
          <root-step>B</root-step>
          </root>
        <kind text="m7">minor-seventh</kind>
        </harmony>
      <note default-x="12.00" default-y="-35.00">
        <pitch>
          <step>F</step>
          <alter>1</alter>
          <octave>4</octave>
          </pitch>
        <duration>9</duration>
        <voice>1</voice>
        <type>quarter</type>
        <dot/>
        <stem>up</stem>
        </note>
      <note default-x="93.80" default-y="-45.00">
        <pitch>
          <step>D</step>
          <octave>4</octave>
          </pitch>
        <duration>3</duration>
        <voice>1</voice>
        <type>eighth</type>
        <stem>up</stem>
        </note>
      <note default-x="135.73" default-y="-35.00">
        <pitch>
          <step>F</step>
          <alter>1</alter>
          <octave>4</octave>
          </pitch>
        <duration>9</duration>
        <voice>1</voice>
        <type>quarter</type>
        <dot/>
        <stem>up</stem>
        </note>
      <note default-x="217.53" default-y="-45.00">
        <pitch>
          <step>D</step>
          <octave>4</octave>
          </pitch>
        <duration>3</duration>
        <voice>1</voice>
        <type>eighth</type>
        <stem>up</stem>
        </note>
      </measure>
    <measure number="13" width="226.04">
      <harmony print-frame="no">
        <root>
          <root-step>E</root-step>
          </root>
        <kind text="m7">minor-seventh</kind>
        </harmony>
      <note default-x="12.00" default-y="-40.00">
        <pitch>
          <step>E</step>
          <octave>4</octave>
          </pitch>
        <duration>6</duration>
        <voice>1</voice>
        <type>quarter</type>
        <stem>up</stem>
        </note>
      <note default-x="65.11" default-y="-35.00">
        <pitch>
          <step>F</step>
          <alter>1</alter>
          <octave>4</octave>
          </pitch>
        <duration>6</duration>
        <voice>1</voice>
        <type>quarter</type>
        <stem>up</stem>
        </note>
      <note default-x="118.22" default-y="-30.00">
        <pitch>
          <step>G</step>
          <octave>4</octave>
          </pitch>
        <duration>6</duration>
        <voice>1</voice>
        <type>quarter</type>
        <stem>up</stem>
        </note>
      <note default-x="171.33" default-y="-20.00">
        <pitch>
          <step>B</step>
          <octave>4</octave>
          </pitch>
        <duration>6</duration>
        <voice>1</voice>
        <type>quarter</type>
        <stem>down</stem>
        </note>
      </measure>
    <measure number="14" width="276.92">
      <print new-system="yes">
        <system-layout>
          <system-margins>
            <left-margin>75.84</left-margin>
            <right-margin>0.00</right-margin>
            </system-margins>
          <system-distance>129.51</system-distance>
          </system-layout>
        </print>
      <harmony print-frame="no">
        <root>
          <root-step>A</root-step>
          </root>
        <kind text="7">dominant</kind>
        </harmony>
      <note default-x="64.15" default-y="-5.00">
        <pitch>
          <step>E</step>
          <octave>5</octave>
          </pitch>
        <duration>12</duration>
        <voice>1</voice>
        <type>half</type>
        <stem>down</stem>
        </note>
      <note default-x="169.74" default-y="-20.00">
        <pitch>
          <step>B</step>
          <octave>4</octave>
          </pitch>
        <duration>12</duration>
        <tie type="start"/>
        <voice>1</voice>
        <type>half</type>
        <stem>down</stem>
        <notations>
          <tied type="start"/>
          </notations>
        </note>
      </measure>
    <measure number="15" width="274.78">
      <note default-x="12.00" default-y="-20.00">
        <pitch>
          <step>B</step>
          <octave>4</octave>
          </pitch>
        <duration>6</duration>
        <tie type="stop"/>
        <voice>1</voice>
        <type>quarter</type>
        <stem>down</stem>
        <notations>
          <tied type="stop"/>
          </notations>
        </note>
      <note default-x="73.88" default-y="-40.00">
        <pitch>
          <step>E</step>
          <octave>4</octave>
          </pitch>
        <duration>6</duration>
        <voice>1</voice>
        <type>quarter</type>
        <stem>up</stem>
        </note>
      <note default-x="135.77" default-y="-40.00">
        <pitch>
          <step>E</step>
          <octave>4</octave>
          </pitch>
        <duration>4</duration>
        <voice>1</voice>
        <type>quarter</type>
        <time-modification>
          <actual-notes>3</actual-notes>
          <normal-notes>2</normal-notes>
          </time-modification>
        <stem>up</stem>
        <notations>
          <tuplet type="start" bracket="yes"/>
          </notations>
        </note>
      <note default-x="181.57" default-y="-35.00">
        <pitch>
          <step>F</step>
          <alter>1</alter>
          <octave>4</octave>
          </pitch>
        <duration>4</duration>
        <voice>1</voice>
        <type>quarter</type>
        <time-modification>
          <actual-notes>3</actual-notes>
          <normal-notes>2</normal-notes>
          </time-modification>
        <stem>up</stem>
        </note>
      <note default-x="227.38" default-y="-30.00">
        <pitch>
          <step>G</step>
          <octave>4</octave>
          </pitch>
        <duration>4</duration>
        <voice>1</voice>
        <type>quarter</type>
        <time-modification>
          <actual-notes>3</actual-notes>
          <normal-notes>2</normal-notes>
          </time-modification>
        <stem>up</stem>
        <notations>
          <tuplet type="stop"/>
          </notations>
        </note>
      </measure>
    <measure number="16" width="224.77">
      <harmony print-frame="no">
        <root>
          <root-step>A</root-step>
          </root>
        <kind text="m7">minor-seventh</kind>
        </harmony>
      <note default-x="12.00" default-y="-20.00">
        <pitch>
          <step>B</step>
          <octave>4</octave>
          </pitch>
        <duration>12</duration>
        <voice>1</voice>
        <type>half</type>
        <stem>down</stem>
        </note>
      <note default-x="117.59" default-y="-25.00">
        <pitch>
          <step>A</step>
          <octave>4</octave>
          </pitch>
        <duration>12</duration>
        <tie type="start"/>
        <voice>1</voice>
        <type>half</type>
        <stem>up</stem>
        <notations>
          <tied type="start"/>
          </notations>
        </note>
      </measure>
    <measure number="17" width="224.77">
      <harmony print-frame="no">
        <root>
          <root-step>D</root-step>
          </root>
        <kind text="7">dominant</kind>
        </harmony>
      <note default-x="12.00" default-y="-25.00">
        <pitch>
          <step>A</step>
          <octave>4</octave>
          </pitch>
        <duration>12</duration>
        <tie type="stop"/>
        <voice>1</voice>
        <type>half</type>
        <stem>up</stem>
        <notations>
          <tied type="stop"/>
          </notations>
        </note>
      <harmony print-frame="no">
        <root>
          <root-step>D</root-step>
          <root-alter>-1</root-alter>
          </root>
        <kind text="m7">minor-seventh</kind>
        </harmony>
      <note default-x="117.59" default-y="-20.00">
        <pitch>
          <step>B</step>
          <octave>4</octave>
          </pitch>
        <duration>12</duration>
        <voice>1</voice>
        <type>half</type>
        <stem>down</stem>
        </note>
      </measure>
    <measure number="18" width="274.28">
      <print new-system="yes">
        <system-layout>
          <system-margins>
            <left-margin>75.84</left-margin>
            <right-margin>0.00</right-margin>
            </system-margins>
          <system-distance>129.51</system-distance>
          </system-layout>
        </print>
      <harmony print-frame="no">
        <root>
          <root-step>C</root-step>
          </root>
        <kind text="Maj7">major-seventh</kind>
        </harmony>
      <note default-x="64.15" default-y="-20.00">
        <pitch>
          <step>B</step>
          <octave>4</octave>
          </pitch>
        <duration>24</duration>
        <tie type="start"/>
        <voice>1</voice>
        <type>whole</type>
        <notations>
          <tied type="start"/>
          </notations>
        </note>
      </measure>
    <measure number="19" width="267.72">
      <note default-x="12.00" default-y="-20.00">
        <pitch>
          <step>B</step>
          <octave>4</octave>
          </pitch>
        <duration>12</duration>
        <tie type="stop"/>
        <voice>1</voice>
        <type>half</type>
        <stem>down</stem>
        <notations>
          <tied type="stop"/>
          </notations>
        </note>
      <note default-x="112.14" default-y="-25.00">
        <pitch>
          <step>A</step>
          <octave>4</octave>
          </pitch>
        <duration>4</duration>
        <voice>1</voice>
        <type>quarter</type>
        <time-modification>
          <actual-notes>3</actual-notes>
          <normal-notes>2</normal-notes>
          </time-modification>
        <stem>up</stem>
        <notations>
          <tuplet type="start" bracket="yes"/>
          </notations>
        </note>
      <note default-x="163.46" default-y="-20.00">
        <pitch>
          <step>B</step>
          <octave>4</octave>
          </pitch>
        <duration>4</duration>
        <voice>1</voice>
        <type>quarter</type>
        <time-modification>
          <actual-notes>3</actual-notes>
          <normal-notes>2</normal-notes>
          </time-modification>
        <stem>down</stem>
        </note>
      <note default-x="214.79" default-y="-25.00">
        <pitch>
          <step>A</step>
          <octave>4</octave>
          </pitch>
        <duration>4</duration>
        <voice>1</voice>
        <type>quarter</type>
        <time-modification>
          <actual-notes>3</actual-notes>
          <normal-notes>2</normal-notes>
          </time-modification>
        <stem>up</stem>
        <notations>
          <tuplet type="stop"/>
          </notations>
        </note>
      </measure>
    <measure number="20" width="225.13">
      <harmony print-frame="no">
        <root>
          <root-step>C</root-step>
          </root>
        <kind text="m7">minor-seventh</kind>
        </harmony>
      <note default-x="15.00" default-y="-40.00">
        <pitch>
          <step>E</step>
          <alter>-1</alter>
          <octave>4</octave>
          </pitch>
        <duration>24</duration>
        <tie type="start"/>
        <voice>1</voice>
        <type>whole</type>
        <accidental>flat</accidental>
        <notations>
          <tied type="start"/>
          </notations>
        </note>
      </measure>
    <measure number="21" width="234.13">
      <harmony print-frame="no">
        <root>
          <root-step>F</root-step>
          </root>
        <kind text="7">dominant</kind>
        </harmony>
      <note default-x="12.00" default-y="-40.00">
        <pitch>
          <step>E</step>
          <alter>-1</alter>
          <octave>4</octave>
          </pitch>
        <duration>12</duration>
        <tie type="stop"/>
        <voice>1</voice>
        <type>half</type>
        <stem>up</stem>
        <notations>
          <tied type="stop"/>
          </notations>
        </note>
      <note default-x="122.27" default-y="-25.00">
        <pitch>
          <step>A</step>
          <octave>4</octave>
          </pitch>
        <duration>12</duration>
        <voice>1</voice>
        <type>half</type>
        <stem>up</stem>
        </note>
      </measure>
    <measure number="22" width="268.23">
      <print new-system="yes">
        <system-layout>
          <system-margins>
            <left-margin>75.84</left-margin>
            <right-margin>0.00</right-margin>
            </system-margins>
          <system-distance>129.51</system-distance>
          </system-layout>
        </print>
      <harmony print-frame="no">
        <root>
          <root-step>G</root-step>
          </root>
        <kind text="Maj7">major-seventh</kind>
        </harmony>
      <note default-x="64.15" default-y="-25.00">
        <pitch>
          <step>A</step>
          <octave>4</octave>
          </pitch>
        <duration>24</duration>
        <tie type="start"/>
        <voice>1</voice>
        <type>whole</type>
        <notations>
          <tied type="start"/>
          </notations>
        </note>
      </measure>
    <measure number="23" width="278.09">
      <note default-x="12.00" default-y="-25.00">
        <pitch>
          <step>A</step>
          <octave>4</octave>
          </pitch>
        <duration>6</duration>
        <tie type="stop"/>
        <voice>1</voice>
        <type>quarter</type>
        <stem>up</stem>
        <notations>
          <tied type="stop"/>
          </notations>
        </note>
      <note default-x="74.67" default-y="-25.00">
        <pitch>
          <step>A</step>
          <octave>4</octave>
          </pitch>
        <duration>6</duration>
        <voice>1</voice>
        <type>quarter</type>
        <stem>up</stem>
        </note>
      <note default-x="137.33" default-y="-30.00">
        <pitch>
          <step>G</step>
          <octave>4</octave>
          </pitch>
        <duration>4</duration>
        <voice>1</voice>
        <type>quarter</type>
        <time-modification>
          <actual-notes>3</actual-notes>
          <normal-notes>2</normal-notes>
          </time-modification>
        <stem>up</stem>
        <notations>
          <tuplet type="start" bracket="yes"/>
          </notations>
        </note>
      <note default-x="183.72" default-y="-25.00">
        <pitch>
          <step>A</step>
          <octave>4</octave>
          </pitch>
        <duration>4</duration>
        <voice>1</voice>
        <type>quarter</type>
        <time-modification>
          <actual-notes>3</actual-notes>
          <normal-notes>2</normal-notes>
          </time-modification>
        <stem>up</stem>
        </note>
      <note default-x="230.11" default-y="-30.00">
        <pitch>
          <step>G</step>
          <octave>4</octave>
          </pitch>
        <duration>4</duration>
        <voice>1</voice>
        <type>quarter</type>
        <time-modification>
          <actual-notes>3</actual-notes>
          <normal-notes>2</normal-notes>
          </time-modification>
        <stem>up</stem>
        <notations>
          <tuplet type="stop"/>
          </notations>
        </note>
      </measure>
    <measure number="24" width="219.08">
      <harmony print-frame="no">
        <root>
          <root-step>B</root-step>
          <root-alter>-1</root-alter>
          </root>
        <kind text="m7">minor-seventh</kind>
        </harmony>
      <note default-x="15.00" default-y="-45.00">
        <pitch>
          <step>D</step>
          <alter>-1</alter>
          <octave>4</octave>
          </pitch>
        <duration>24</duration>
        <tie type="start"/>
        <voice>1</voice>
        <type>whole</type>
        <accidental>flat</accidental>
        <notations>
          <tied type="start"/>
          </notations>
        </note>
      </measure>
    <measure number="25" width="235.85">
      <harmony print-frame="no">
        <root>
          <root-step>E</root-step>
          <root-alter>-1</root-alter>
          </root>
        <kind text="7">dominant</kind>
        </harmony>
      <note default-x="12.00" default-y="-45.00">
        <pitch>
          <step>D</step>
          <alter>-1</alter>
          <octave>4</octave>
          </pitch>
        <duration>18</duration>
        <tie type="stop"/>
        <voice>1</voice>
        <type>half</type>
        <dot/>
        <stem>up</stem>
        <notations>
          <tied type="stop"/>
          </notations>
        </note>
      <note default-x="158.93" default-y="-30.00">
        <pitch>
          <step>G</step>
          <octave>4</octave>
          </pitch>
        <duration>6</duration>
        <voice>1</voice>
        <type>quarter</type>
        <stem>up</stem>
        </note>
      </measure>
    <measure number="26" width="313.21">
      <print new-system="yes">
        <system-layout>
          <system-margins>
            <left-margin>75.84</left-margin>
            <right-margin>0.00</right-margin>
            </system-margins>
          <system-distance>129.51</system-distance>
          </system-layout>
        </print>
      <harmony print-frame="no">
        <root>
          <root-step>A</root-step>
          </root>
        <kind text="m7">minor-seventh</kind>
        </harmony>
      <note default-x="64.15" default-y="-30.00">
        <pitch>
          <step>G</step>
          <octave>4</octave>
          </pitch>
        <duration>9</duration>
        <voice>1</voice>
        <type>quarter</type>
        <dot/>
        <stem>up</stem>
        </note>
      <note default-x="145.95" default-y="-40.00">
        <pitch>
          <step>E</step>
          <octave>4</octave>
          </pitch>
        <duration>3</duration>
        <voice>1</voice>
        <type>eighth</type>
        <stem>up</stem>
        </note>
      <note default-x="187.88" default-y="-30.00">
        <pitch>
          <step>G</step>
          <octave>4</octave>
          </pitch>
        <duration>9</duration>
        <voice>1</voice>
        <type>quarter</type>
        <dot/>
        <stem>up</stem>
        </note>
      <note default-x="269.68" default-y="-40.00">
        <pitch>
          <step>E</step>
          <octave>4</octave>
          </pitch>
        <duration>3</duration>
        <voice>1</voice>
        <type>eighth</type>
        <stem>up</stem>
        </note>
      </measure>
    <measure number="27" width="200.95">
      <harmony print-frame="no">
        <root>
          <root-step>D</root-step>
          </root>
        <kind text="7">dominant</kind>
        </harmony>
      <note default-x="12.00" default-y="-35.00">
        <pitch>
          <step>F</step>
          <alter>1</alter>
          <octave>4</octave>
          </pitch>
        <duration>18</duration>
        <voice>1</voice>
        <type>half</type>
        <dot/>
        <stem>up</stem>
        </note>
      <note default-x="135.86" default-y="-25.00">
        <pitch>
          <step>A</step>
          <octave>4</octave>
          </pitch>
        <duration>6</duration>
        <voice>1</voice>
        <type>quarter</type>
        <stem>up</stem>
        </note>
      </measure>
    <measure number="28" width="261.06">
      <harmony print-frame="no">
        <root>
          <root-step>B</root-step>
          </root>
        <kind text="m7">minor-seventh</kind>
        </harmony>
      <note default-x="12.00" default-y="-25.00">
        <pitch>
          <step>A</step>
          <octave>4</octave>
          </pitch>
        <duration>9</duration>
        <voice>1</voice>
        <type>quarter</type>
        <dot/>
        <stem>up</stem>
        </note>
      <note default-x="93.80" default-y="-35.00">
        <pitch>
          <step>F</step>
          <alter>1</alter>
          <octave>4</octave>
          </pitch>
        <duration>3</duration>
        <voice>1</voice>
        <type>eighth</type>
        <stem>up</stem>
        </note>
      <note default-x="135.73" default-y="-25.00">
        <pitch>
          <step>A</step>
          <octave>4</octave>
          </pitch>
        <duration>9</duration>
        <voice>1</voice>
        <type>quarter</type>
        <dot/>
        <stem>up</stem>
        </note>
      <note default-x="217.53" default-y="-35.00">
        <pitch>
          <step>F</step>
          <alter>1</alter>
          <octave>4</octave>
          </pitch>
        <duration>3</duration>
        <voice>1</voice>
        <type>eighth</type>
        <stem>up</stem>
        </note>
      </measure>
    <measure number="29" width="226.04">
      <harmony print-frame="no">
        <root>
          <root-step>E</root-step>
          </root>
        <kind text="m7">minor-seventh</kind>
        </harmony>
      <note default-x="12.00" default-y="-30.00">
        <pitch>
          <step>G</step>
          <octave>4</octave>
          </pitch>
        <duration>6</duration>
        <voice>1</voice>
        <type>quarter</type>
        <stem>up</stem>
        </note>
      <note default-x="65.11" default-y="-25.00">
        <pitch>
          <step>A</step>
          <octave>4</octave>
          </pitch>
        <duration>6</duration>
        <voice>1</voice>
        <type>quarter</type>
        <stem>up</stem>
        </note>
      <note default-x="118.22" default-y="-20.00">
        <pitch>
          <step>B</step>
          <octave>4</octave>
          </pitch>
        <duration>6</duration>
        <voice>1</voice>
        <type>quarter</type>
        <stem>down</stem>
        </note>
      <note default-x="171.33" default-y="-10.00">
        <pitch>
          <step>D</step>
          <octave>5</octave>
          </pitch>
        <duration>6</duration>
        <voice>1</voice>
        <type>quarter</type>
        <stem>down</stem>
        </note>
      </measure>
    <measure number="30" width="296.47">
      <print new-system="yes">
        <system-layout>
          <system-margins>
            <left-margin>75.84</left-margin>
            <right-margin>0.00</right-margin>
            </system-margins>
          <system-distance>129.51</system-distance>
          </system-layout>
        </print>
      <harmony print-frame="no">
        <root>
          <root-step>A</root-step>
          </root>
        <kind text="7">dominant</kind>
        </harmony>
      <note default-x="64.15" default-y="-5.00">
        <pitch>
          <step>E</step>
          <octave>5</octave>
          </pitch>
        <duration>18</duration>
        <voice>1</voice>
        <type>half</type>
        <dot/>
        <stem>down</stem>
        </note>
      <note default-x="216.69" default-y="-40.00">
        <pitch>
          <step>E</step>
          <octave>4</octave>
          </pitch>
        <duration>6</duration>
        <voice>1</voice>
        <type>quarter</type>
        <stem>up</stem>
        </note>
      </measure>
    <measure number="31" width="236.56">
      <harmony print-frame="no">
        <root>
          <root-step>A</root-step>
          </root>
        <kind text="m7">minor-seventh</kind>
        </harmony>
      <note default-x="12.00" default-y="-10.00">
        <pitch>
          <step>D</step>
          <octave>5</octave>
          </pitch>
        <duration>12</duration>
        <voice>1</voice>
        <type>half</type>
        <stem>down</stem>
        </note>
      <harmony print-frame="no">
        <root>
          <root-step>D</root-step>
          </root>
        <kind text="7">dominant</kind>
        </harmony>
      <note default-x="123.48" default-y="-20.00">
        <pitch>
          <step>B</step>
          <octave>4</octave>
          </pitch>
        <duration>12</duration>
        <voice>1</voice>
        <type>half</type>
        <stem>down</stem>
        </note>
      </measure>
    <measure number="32" width="224.56">
      <harmony print-frame="no">
        <root>
          <root-step>G</root-step>
          </root>
        <kind text="6">major-sixth</kind>
        </harmony>
      <note default-x="12.00" default-y="-30.00">
        <pitch>
          <step>G</step>
          <octave>4</octave>
          </pitch>
        <duration>24</duration>
        <voice>1</voice>
        <type>whole</type>
        </note>
      </measure>
    <measure number="33" width="243.66">
      <harmony print-frame="no">
        <root>
          <root-step>D</root-step>
          </root>
        <kind text="m7">minor-seventh</kind>
        </harmony>
      <note>
        <rest/>
        <duration>12</duration>
        <voice>1</voice>
        <type>half</type>
        </note>
      <harmony print-frame="no">
        <root>
          <root-step>G</root-step>
          </root>
        <kind text="7">dominant</kind>
        </harmony>
      <note default-x="124.03" default-y="-20.00">
        <pitch>
          <step>B</step>
          <octave>4</octave>
          </pitch>
        <duration>12</duration>
        <voice>1</voice>
        <type>half</type>
        <stem>down</stem>
        </note>
      <barline location="right">
        <bar-style>light-heavy</bar-style>
        </barline>
      </measure>
    </part>
  </score-partwise>
