<?xml version="1.0" encoding="UTF-8"?>
<!DOCTYPE score-partwise PUBLIC "-//Recordare//DTD MusicXML 2.0 Partwise//EN" "http://www.musicxml.org/dtds/partwise.dtd">
<score-partwise>
  <identification>
    <encoding>
      <software>MuseScore 1.3</software>
      <encoding-date>2014-01-09</encoding-date>
      </encoding>
    </identification>
  <defaults>
    <scaling>
      <millimeters>7.056</millimeters>
      <tenths>40</tenths>
      </scaling>
    <page-layout>
      <page-height>1683.67</page-height>
      <page-width>1190.48</page-width>
      <page-margins type="even">
        <left-margin>56.6893</left-margin>
        <right-margin>56.6893</right-margin>
        <top-margin>56.6893</top-margin>
        <bottom-margin>113.379</bottom-margin>
        </page-margins>
      <page-margins type="odd">
        <left-margin>56.6893</left-margin>
        <right-margin>56.6893</right-margin>
        <top-margin>56.6893</top-margin>
        <bottom-margin>113.379</bottom-margin>
        </page-margins>
      </page-layout>
    </defaults>
  <credit page="1">
    <credit-words default-x="595.238" default-y="1626.98" font-size="24" justify="center" valign="top">Satin Doll</credit-words>
    </credit>
  <credit page="1">
    <credit-words default-x="1133.79" default-y="1559.98" font-size="12" justify="right" valign="top">Duke Ellington</credit-words>
    </credit>
  <part-list>
    <part-group type="start" number="1">
      <group-symbol>brace</group-symbol>
      </part-group>
    <score-part id="P1">
      <part-name>Piano</part-name>
      <part-abbreviation>Pno.</part-abbreviation>
      <score-instrument id="P1-I3">
        <instrument-name>Piano</instrument-name>
        </score-instrument>
      <midi-instrument id="P1-I3">
        <midi-channel>1</midi-channel>
        <midi-program>1</midi-program>
        <volume>78.7402</volume>
        <pan>0</pan>
        </midi-instrument>
      </score-part>
    </part-list>
  <part id="P1">
    <measure number="1" width="316.92">
      <print>
        <system-layout>
          <system-margins>
            <left-margin>87.12</left-margin>
            <right-margin>0.00</right-margin>
            </system-margins>
          <top-system-distance>217.01</top-system-distance>
          </system-layout>
        </print>
      <attributes>
        <divisions>2</divisions>
        <key>
          <fifths>1</fifths>
          <mode>major</mode>
          </key>
        <time>
          <beats>4</beats>
          <beat-type>4</beat-type>
          </time>
        <clef>
          <sign>G</sign>
          <line>2</line>
          </clef>
        </attributes>
      <harmony print-frame="no">
        <root>
          <root-step>D</root-step>
          </root>
        <kind text="m7">minor-seventh</kind>
        </harmony>
      <note default-x="85.24" default-y="-25.00">
        <pitch>
          <step>A</step>
          <octave>4</octave>
          </pitch>
        <duration>1</duration>
        <voice>1</voice>
        <type>eighth</type>
        <stem>up</stem>
        <beam number="1">begin</beam>
        </note>
      <note default-x="118.34" default-y="-30.00">
        <pitch>
          <step>G</step>
          <octave>4</octave>
          </pitch>
        <duration>1</duration>
        <voice>1</voice>
        <type>eighth</type>
        <stem>up</stem>
        <beam number="1">continue</beam>
        </note>
      <note default-x="151.44" default-y="-25.00">
        <pitch>
          <step>A</step>
          <octave>4</octave>
          </pitch>
        <duration>1</duration>
        <voice>1</voice>
        <type>eighth</type>
        <stem>up</stem>
        <beam number="1">continue</beam>
        </note>
      <note default-x="184.54" default-y="-30.00">
        <pitch>
          <step>G</step>
          <octave>4</octave>
          </pitch>
        <duration>1</duration>
        <tie type="start"/>
        <voice>1</voice>
        <type>eighth</type>
        <stem>up</stem>
        <beam number="1">end</beam>
        <notations>
          <tied type="start"/>
          </notations>
        </note>
      <harmony print-frame="no">
        <root>
          <root-step>G</root-step>
          </root>
        <kind text="7">dominant</kind>
        </harmony>
      <note default-x="217.64" default-y="-30.00">
        <pitch>
          <step>G</step>
          <octave>4</octave>
          </pitch>
        <duration>1</duration>
        <tie type="stop"/>
        <voice>1</voice>
        <type>eighth</type>
        <stem>up</stem>
        <notations>
          <tied type="stop"/>
          </notations>
        </note>
      <note default-x="250.74" default-y="-25.00">
        <pitch>
          <step>A</step>
          <octave>4</octave>
          </pitch>
        <duration>3</duration>
        <voice>1</voice>
        <type>quarter</type>
        <dot/>
        <stem>up</stem>
        </note>
      </measure>
    <measure number="2" width="214.69">
      <harmony print-frame="no">
        <root>
          <root-step>D</root-step>
          </root>
        <kind text="m7">minor-seventh</kind>
        </harmony>
      <note>
        <rest/>
        <duration>1</duration>
        <voice>1</voice>
        <type>eighth</type>
        </note>
      <note default-x="46.07" default-y="-25.00">
        <pitch>
          <step>A</step>
          <octave>4</octave>
          </pitch>
        <duration>3</duration>
        <voice>1</voice>
        <type>quarter</type>
        <dot/>
        <stem>up</stem>
        </note>
      <harmony print-frame="no">
        <root>
          <root-step>G</root-step>
          </root>
        <kind text="7">dominant</kind>
        </harmony>
      <note default-x="112.55" default-y="-30.00">
        <pitch>
          <step>G</step>
          <octave>4</octave>
          </pitch>
        <duration>1</duration>
        <voice>1</voice>
        <type>eighth</type>
        <stem>up</stem>
        </note>
      <note default-x="146.62" default-y="-25.00">
        <pitch>
          <step>A</step>
          <octave>4</octave>
          </pitch>
        <duration>3</duration>
        <voice>1</voice>
        <type>quarter</type>
        <dot/>
        <stem>up</stem>
        </note>
      </measure>
    <measure number="3" width="243.68">
      <harmony print-frame="no">
        <root>
          <root-step>E</root-step>
          </root>
        <kind text="m7">minor-seventh</kind>
        </harmony>
      <note default-x="12.00" default-y="-20.00">
        <pitch>
          <step>B</step>
          <octave>4</octave>
          </pitch>
        <duration>1</duration>
        <voice>1</voice>
        <type>eighth</type>
        <stem>up</stem>
        <beam number="1">begin</beam>
        </note>
      <note default-x="45.10" default-y="-25.00">
        <pitch>
          <step>A</step>
          <octave>4</octave>
          </pitch>
        <duration>1</duration>
        <voice>1</voice>
        <type>eighth</type>
        <stem>up</stem>
        <beam number="1">continue</beam>
        </note>
      <note default-x="78.20" default-y="-20.00">
        <pitch>
          <step>B</step>
          <octave>4</octave>
          </pitch>
        <duration>1</duration>
        <voice>1</voice>
        <type>eighth</type>
        <stem>up</stem>
        <beam number="1">continue</beam>
        </note>
      <note default-x="111.30" default-y="-25.00">
        <pitch>
          <step>A</step>
          <octave>4</octave>
          </pitch>
        <duration>1</duration>
        <tie type="start"/>
        <voice>1</voice>
        <type>eighth</type>
        <stem>up</stem>
        <beam number="1">end</beam>
        <notations>
          <tied type="start"/>
          </notations>
        </note>
      <harmony print-frame="no">
        <root>
          <root-step>A</root-step>
          </root>
        <kind text="7">dominant</kind>
        </harmony>
      <note default-x="144.40" default-y="-25.00">
        <pitch>
          <step>A</step>
          <octave>4</octave>
          </pitch>
        <duration>1</duration>
        <tie type="stop"/>
        <voice>1</voice>
        <type>eighth</type>
        <stem>up</stem>
        <notations>
          <tied type="stop"/>
          </notations>
        </note>
      <note default-x="177.50" default-y="-20.00">
        <pitch>
          <step>B</step>
          <octave>4</octave>
          </pitch>
        <duration>3</duration>
        <voice>1</voice>
        <type>quarter</type>
        <dot/>
        <stem>down</stem>
        </note>
      </measure>
    <measure number="4" width="214.69">
      <harmony print-frame="no">
        <root>
          <root-step>E</root-step>
          </root>
        <kind text="m7">minor-seventh</kind>
        </harmony>
      <note>
        <rest/>
        <duration>1</duration>
        <voice>1</voice>
        <type>eighth</type>
        </note>
      <note default-x="46.07" default-y="-20.00">
        <pitch>
          <step>B</step>
          <octave>4</octave>
          </pitch>
        <duration>3</duration>
        <voice>1</voice>
        <type>quarter</type>
        <dot/>
        <stem>down</stem>
        </note>
      <harmony print-frame="no">
        <root>
          <root-step>A</root-step>
          </root>
        <kind text="7">dominant</kind>
        </harmony>
      <note default-x="112.55" default-y="-25.00">
        <pitch>
          <step>A</step>
          <octave>4</octave>
          </pitch>
        <duration>1</duration>
        <voice>1</voice>
        <type>eighth</type>
        <stem>up</stem>
        </note>
      <note default-x="146.62" default-y="-20.00">
        <pitch>
          <step>B</step>
          <octave>4</octave>
          </pitch>
        <duration>3</duration>
        <voice>1</voice>
        <type>quarter</type>
        <dot/>
        <stem>down</stem>
        </note>
      </measure>
    <measure number="5" width="307.90">
      <print new-system="yes">
        <system-layout>
          <system-margins>
            <left-margin>75.84</left-margin>
            <right-margin>0.00</right-margin>
            </system-margins>
          <system-distance>129.51</system-distance>
          </system-layout>
        </print>
      <harmony print-frame="no">
        <root>
          <root-step>A</root-step>
          </root>
        <kind text="m7">minor-seventh</kind>
        </harmony>
      <note>
        <rest/>
        <duration>1</duration>
        <voice>1</voice>
        <type>eighth</type>
        </note>
      <note default-x="105.18" default-y="-10.00">
        <pitch>
          <step>D</step>
          <octave>5</octave>
          </pitch>
        <duration>3</duration>
        <voice>1</voice>
        <type>quarter</type>
        <dot/>
        <stem>down</stem>
        </note>
      <harmony print-frame="no">
        <root>
          <root-step>D</root-step>
          </root>
        <kind text="7">dominant</kind>
        </harmony>
      <note default-x="185.23" default-y="-15.00">
        <pitch>
          <step>C</step>
          <octave>5</octave>
          </pitch>
        <duration>1</duration>
        <voice>1</voice>
        <type>eighth</type>
        <stem>down</stem>
        </note>
      <note default-x="226.26" default-y="-10.00">
        <pitch>
          <step>D</step>
          <octave>5</octave>
          </pitch>
        <duration>3</duration>
        <voice>1</voice>
        <type>quarter</type>
        <dot/>
        <stem>down</stem>
        </note>
      </measure>
    <measure number="6" width="287.22">
      <harmony print-frame="no">
        <root>
          <root-step>A</root-step>
          <root-alter>-1</root-alter>
          </root>
        <kind text="m7">minor-seventh</kind>
        </harmony>
      <note>
        <rest/>
        <duration>1</duration>
        <voice>1</voice>
        <type>eighth</type>
        </note>
      <note default-x="53.77" default-y="-20.00">
        <pitch>
          <step>B</step>
          <alter>-1</alter>
          <octave>4</octave>
          </pitch>
        <duration>3</duration>
        <voice>1</voice>
        <type>quarter</type>
        <dot/>
        <accidental>flat</accidental>
        <stem>down</stem>
        </note>
      <harmony print-frame="no">
        <root>
          <root-step>D</root-step>
          <root-alter>-1</root-alter>
          </root>
        <kind text="7">dominant</kind>
        </harmony>
      <note default-x="135.25" default-y="-25.00">
        <pitch>
          <step>A</step>
          <alter>-1</alter>
          <octave>4</octave>
          </pitch>
        <duration>2</duration>
        <voice>1</voice>
        <type>quarter</type>
        <accidental>flat</accidental>
        <stem>up</stem>
        </note>
      <note default-x="202.08" default-y="-20.00">
        <pitch>
          <step>B</step>
          <alter>-1</alter>
          <octave>4</octave>
          </pitch>
        <duration>1</duration>
        <voice>1</voice>
        <type>eighth</type>
        <stem>up</stem>
        <beam number="1">begin</beam>
        </note>
      <note default-x="243.85" default-y="-30.00">
        <pitch>
          <step>G</step>
          <octave>4</octave>
          </pitch>
        <duration>1</duration>
        <tie type="start"/>
        <voice>1</voice>
        <type>eighth</type>
        <stem>up</stem>
        <beam number="1">end</beam>
        <notations>
          <tied type="start"/>
          </notations>
        </note>
      </measure>
    <measure number="7" width="197.07">
      <harmony print-frame="no">
        <root>
          <root-step>C</root-step>
          </root>
        <kind text="">major</kind>
        </harmony>
      <note default-x="12.00" default-y="-30.00">
        <pitch>
          <step>G</step>
          <octave>4</octave>
          </pitch>
        <duration>8</duration>
        <tie type="stop"/>
        <tie type="start"/>
        <voice>1</voice>
        <type>whole</type>
        <notations>
          <tied type="stop"/>
          <tied type="start"/>
          </notations>
        </note>
      </measure>
    <measure number="8" width="209.07">
      <harmony print-frame="no">
        <root>
          <root-step>E</root-step>
          </root>
        <kind text="m7b5">half-diminished</kind>
        </harmony>
      <note default-x="12.00" default-y="-30.00">
        <pitch>
          <step>G</step>
          <octave>4</octave>
          </pitch>
        <duration>4</duration>
        <tie type="stop"/>
        <tie type="start"/>
        <voice>1</voice>
        <type>half</type>
        <stem>up</stem>
        <notations>
          <tied type="stop"/>
          <tied type="start"/>
          </notations>
        </note>
      <harmony print-frame="no">
        <root>
          <root-step>A</root-step>
          </root>
        <kind text="7b9">dominant</kind>
        <degree>
          <degree-value>9</degree-value>
          <degree-alter>-1</degree-alter>
          <degree-type>add</degree-type>
          </degree>
        </harmony>
      <note default-x="109.73" default-y="-30.00">
        <pitch>
          <step>G</step>
          <octave>4</octave>
          </pitch>
        <duration>4</duration>
        <tie type="stop"/>
        <voice>1</voice>
        <type>half</type>
        <stem>up</stem>
        <notations>
          <tied type="stop"/>
          </notations>
        </note>
      </measure>
    <measure number="9" width="303.92">
      <print new-system="yes">
        <system-layout>
          <system-margins>
            <left-margin>75.84</left-margin>
            <right-margin>0.00</right-margin>
            </system-margins>
          <system-distance>129.51</system-distance>
          </system-layout>
        </print>
      <harmony print-frame="no">
        <root>
          <root-step>D</root-step>
          </root>
        <kind text="m7">minor-seventh</kind>
        </harmony>
      <note default-x="64.15" default-y="-25.00">
        <pitch>
          <step>A</step>
          <octave>4</octave>
          </pitch>
        <duration>1</duration>
        <voice>1</voice>
        <type>eighth</type>
        <stem>up</stem>
        <beam number="1">begin</beam>
        </note>
      <note default-x="98.41" default-y="-30.00">
        <pitch>
          <step>G</step>
          <octave>4</octave>
          </pitch>
        <duration>1</duration>
        <voice>1</voice>
        <type>eighth</type>
        <stem>up</stem>
        <beam number="1">continue</beam>
        </note>
      <note default-x="132.68" default-y="-25.00">
        <pitch>
          <step>A</step>
          <octave>4</octave>
          </pitch>
        <duration>1</duration>
        <voice>1</voice>
        <type>eighth</type>
        <stem>up</stem>
        <beam number="1">continue</beam>
        </note>
      <note default-x="166.94" default-y="-30.00">
        <pitch>
          <step>G</step>
          <octave>4</octave>
          </pitch>
        <duration>1</duration>
        <tie type="start"/>
        <voice>1</voice>
        <type>eighth</type>
        <stem>up</stem>
        <beam number="1">end</beam>
        <notations>
          <tied type="start"/>
          </notations>
        </note>
      <harmony print-frame="no">
        <root>
          <root-step>G</root-step>
          </root>
        <kind text="7">dominant</kind>
        </harmony>
      <note default-x="201.21" default-y="-30.00">
        <pitch>
          <step>G</step>
          <octave>4</octave>
          </pitch>
        <duration>1</duration>
        <tie type="stop"/>
        <voice>1</voice>
        <type>eighth</type>
        <stem>up</stem>
        <notations>
          <tied type="stop"/>
          </notations>
        </note>
      <note default-x="235.47" default-y="-25.00">
        <pitch>
          <step>A</step>
          <octave>4</octave>
          </pitch>
        <duration>3</duration>
        <voice>1</voice>
        <type>quarter</type>
        <dot/>
        <stem>up</stem>
        </note>
      </measure>
    <measure number="10" width="222.78">
      <harmony print-frame="no">
        <root>
          <root-step>D</root-step>
          </root>
        <kind text="m7">minor-seventh</kind>
        </harmony>
      <note>
        <rest/>
        <duration>1</duration>
        <voice>1</voice>
        <type>eighth</type>
        </note>
      <note default-x="47.44" default-y="-25.00">
        <pitch>
          <step>A</step>
          <octave>4</octave>
          </pitch>
        <duration>3</duration>
        <voice>1</voice>
        <type>quarter</type>
        <dot/>
        <stem>up</stem>
        </note>
      <harmony print-frame="no">
        <root>
          <root-step>G</root-step>
          </root>
        <kind text="7">dominant</kind>
        </harmony>
      <note default-x="116.59" default-y="-30.00">
        <pitch>
          <step>G</step>
          <octave>4</octave>
          </pitch>
        <duration>1</duration>
        <voice>1</voice>
        <type>eighth</type>
        <stem>up</stem>
        </note>
      <note default-x="152.03" default-y="-25.00">
        <pitch>
          <step>A</step>
          <octave>4</octave>
          </pitch>
        <duration>3</duration>
        <voice>1</voice>
        <type>quarter</type>
        <dot/>
        <stem>up</stem>
        </note>
      </measure>
    <measure number="11" width="251.77">
      <harmony print-frame="no">
        <root>
          <root-step>E</root-step>
          </root>
        <kind text="m7">minor-seventh</kind>
        </harmony>
      <note default-x="12.00" default-y="-20.00">
        <pitch>
          <step>B</step>
          <octave>4</octave>
          </pitch>
        <duration>1</duration>
        <voice>1</voice>
        <type>eighth</type>
        <stem>up</stem>
        <beam number="1">begin</beam>
        </note>
      <note default-x="46.26" default-y="-25.00">
        <pitch>
          <step>A</step>
          <octave>4</octave>
          </pitch>
        <duration>1</duration>
        <voice>1</voice>
        <type>eighth</type>
        <stem>up</stem>
        <beam number="1">continue</beam>
        </note>
      <note default-x="80.53" default-y="-20.00">
        <pitch>
          <step>B</step>
          <octave>4</octave>
          </pitch>
        <duration>1</duration>
        <voice>1</voice>
        <type>eighth</type>
        <stem>up</stem>
        <beam number="1">continue</beam>
        </note>
      <note default-x="114.79" default-y="-25.00">
        <pitch>
          <step>A</step>
          <octave>4</octave>
          </pitch>
        <duration>1</duration>
        <tie type="start"/>
        <voice>1</voice>
        <type>eighth</type>
        <stem>up</stem>
        <beam number="1">end</beam>
        <notations>
          <tied type="start"/>
          </notations>
        </note>
      <harmony print-frame="no">
        <root>
          <root-step>A</root-step>
          </root>
        <kind text="7">dominant</kind>
        </harmony>
      <note default-x="149.06" default-y="-25.00">
        <pitch>
          <step>A</step>
          <octave>4</octave>
          </pitch>
        <duration>1</duration>
        <tie type="stop"/>
        <voice>1</voice>
        <type>eighth</type>
        <stem>up</stem>
        <notations>
          <tied type="stop"/>
          </notations>
        </note>
      <note default-x="183.32" default-y="-20.00">
        <pitch>
          <step>B</step>
          <octave>4</octave>
          </pitch>
        <duration>3</duration>
        <voice>1</voice>
        <type>quarter</type>
        <dot/>
        <stem>down</stem>
        </note>
      </measure>
    <measure number="12" width="222.78">
      <harmony print-frame="no">
        <root>
          <root-step>E</root-step>
          </root>
        <kind text="m7">minor-seventh</kind>
        </harmony>
      <note>
        <rest/>
        <duration>1</duration>
        <voice>1</voice>
        <type>eighth</type>
        </note>
      <note default-x="47.44" default-y="-20.00">
        <pitch>
          <step>B</step>
          <octave>4</octave>
          </pitch>
        <duration>3</duration>
        <voice>1</voice>
        <type>quarter</type>
        <dot/>
        <stem>down</stem>
        </note>
      <harmony print-frame="no">
        <root>
          <root-step>A</root-step>
          </root>
        <kind text="7">dominant</kind>
        </harmony>
      <note default-x="116.59" default-y="-25.00">
        <pitch>
          <step>A</step>
          <octave>4</octave>
          </pitch>
        <duration>1</duration>
        <voice>1</voice>
        <type>eighth</type>
        <stem>up</stem>
        </note>
      <note default-x="152.03" default-y="-20.00">
        <pitch>
          <step>B</step>
          <octave>4</octave>
          </pitch>
        <duration>3</duration>
        <voice>1</voice>
        <type>quarter</type>
        <dot/>
        <stem>down</stem>
        </note>
      </measure>
    <measure number="13" width="304.35">
      <print new-system="yes">
        <system-layout>
          <system-margins>
            <left-margin>75.84</left-margin>
            <right-margin>0.00</right-margin>
            </system-margins>
          <system-distance>129.51</system-distance>
          </system-layout>
        </print>
      <harmony print-frame="no">
        <root>
          <root-step>A</root-step>
          </root>
        <kind text="m7">minor-seventh</kind>
        </harmony>
      <note>
        <rest/>
        <duration>1</duration>
        <voice>1</voice>
        <type>eighth</type>
        </note>
      <note default-x="104.58" default-y="-10.00">
        <pitch>
          <step>D</step>
          <octave>5</octave>
          </pitch>
        <duration>3</duration>
        <voice>1</voice>
        <type>quarter</type>
        <dot/>
        <stem>down</stem>
        </note>
      <harmony print-frame="no">
        <root>
          <root-step>D</root-step>
          </root>
        <kind text="7">dominant</kind>
        </harmony>
      <note default-x="183.45" default-y="-15.00">
        <pitch>
          <step>C</step>
          <octave>5</octave>
          </pitch>
        <duration>1</duration>
        <voice>1</voice>
        <type>eighth</type>
        <stem>down</stem>
        </note>
      <note default-x="223.88" default-y="-10.00">
        <pitch>
          <step>D</step>
          <octave>5</octave>
          </pitch>
        <duration>3</duration>
        <voice>1</voice>
        <type>quarter</type>
        <dot/>
        <stem>down</stem>
        </note>
      </measure>
    <measure number="14" width="283.67">
      <harmony print-frame="no">
        <root>
          <root-step>A</root-step>
          <root-alter>-1</root-alter>
          </root>
        <kind text="m7">minor-seventh</kind>
        </harmony>
      <note>
        <rest/>
        <duration>1</duration>
        <voice>1</voice>
        <type>eighth</type>
        </note>
      <note default-x="53.23" default-y="-20.00">
        <pitch>
          <step>B</step>
          <alter>-1</alter>
          <octave>4</octave>
          </pitch>
        <duration>3</duration>
        <voice>1</voice>
        <type>quarter</type>
        <dot/>
        <accidental>flat</accidental>
        <stem>down</stem>
        </note>
      <harmony print-frame="no">
        <root>
          <root-step>D</root-step>
          <root-alter>-1</root-alter>
          </root>
        <kind text="7">dominant</kind>
        </harmony>
      <note default-x="133.65" default-y="-25.00">
        <pitch>
          <step>A</step>
          <alter>-1</alter>
          <octave>4</octave>
          </pitch>
        <duration>2</duration>
        <voice>1</voice>
        <type>quarter</type>
        <accidental>flat</accidental>
        <stem>up</stem>
        </note>
      <note default-x="199.62" default-y="-20.00">
        <pitch>
          <step>B</step>
          <alter>-1</alter>
          <octave>4</octave>
          </pitch>
        <duration>1</duration>
        <voice>1</voice>
        <type>eighth</type>
        <stem>up</stem>
        <beam number="1">begin</beam>
        </note>
      <note default-x="240.84" default-y="-30.00">
        <pitch>
          <step>G</step>
          <octave>4</octave>
          </pitch>
        <duration>1</duration>
        <tie type="start"/>
        <voice>1</voice>
        <type>eighth</type>
        <stem>up</stem>
        <beam number="1">end</beam>
        <notations>
          <tied type="start"/>
          </notations>
        </note>
      </measure>
    <measure number="15" width="205.52">
      <harmony print-frame="no">
        <root>
          <root-step>C</root-step>
          </root>
        <kind text="">major</kind>
        </harmony>
      <note default-x="12.00" default-y="-30.00">
        <pitch>
          <step>G</step>
          <octave>4</octave>
          </pitch>
        <duration>4</duration>
        <tie type="stop"/>
        <tie type="start"/>
        <voice>1</voice>
        <type>half</type>
        <stem>up</stem>
        <notations>
          <tied type="stop"/>
          <tied type="start"/>
          </notations>
        </note>
      <harmony print-frame="no">
        <root>
          <root-step>D</root-step>
          </root>
        <kind text="m7">minor-seventh</kind>
        </harmony>
      <note default-x="107.96" default-y="-30.00">
        <pitch>
          <step>G</step>
          <octave>4</octave>
          </pitch>
        <duration>4</duration>
        <tie type="stop"/>
        <voice>1</voice>
        <type>half</type>
        <stem>up</stem>
        <notations>
          <tied type="stop"/>
          </notations>
        </note>
      </measure>
    <measure number="16" width="207.72">
      <harmony print-frame="no">
        <root>
          <root-step>D</root-step>
          <root-alter>1</root-alter>
          </root>
        <kind text="dim7">diminished-seventh</kind>
        </harmony>
      <note>
        <rest/>
        <duration>4</duration>
        <voice>1</voice>
        <type>half</type>
        </note>
      <harmony print-frame="no">
        <root>
          <root-step>E</root-step>
          </root>
        <kind text="m7">minor-seventh</kind>
        </harmony>
      <note>
        <rest/>
        <duration>4</duration>
        <voice>1</voice>
        <type>half</type>
        </note>
      </measure>
    <measure number="17" width="348.87">
      <print new-system="yes">
        <system-layout>
          <system-margins>
            <left-margin>75.84</left-margin>
            <right-margin>0.00</right-margin>
            </system-margins>
          <system-distance>129.51</system-distance>
          </system-layout>
        </print>
      <harmony print-frame="no">
        <root>
          <root-step>G</root-step>
          </root>
        <kind text="m7">minor-seventh</kind>
        </harmony>
      <note default-x="64.15" default-y="-15.00">
        <pitch>
          <step>C</step>
          <octave>5</octave>
          </pitch>
        <duration>1</duration>
        <voice>1</voice>
        <type>eighth</type>
        <stem>up</stem>
        <beam number="1">begin</beam>
        </note>
      <note default-x="99.54" default-y="-20.00">
        <pitch>
          <step>B</step>
          <alter>-1</alter>
          <octave>4</octave>
          </pitch>
        <duration>1</duration>
        <voice>1</voice>
        <type>eighth</type>
        <accidental>flat</accidental>
        <stem>up</stem>
        <beam number="1">continue</beam>
        </note>
      <note default-x="134.93" default-y="-25.00">
        <pitch>
          <step>A</step>
          <octave>4</octave>
          </pitch>
        <duration>1</duration>
        <voice>1</voice>
        <type>eighth</type>
        <stem>up</stem>
        <beam number="1">continue</beam>
        </note>
      <note default-x="170.32" default-y="-30.00">
        <pitch>
          <step>G</step>
          <octave>4</octave>
          </pitch>
        <duration>1</duration>
        <tie type="start"/>
        <voice>1</voice>
        <type>eighth</type>
        <stem>up</stem>
        <beam number="1">end</beam>
        <notations>
          <tied type="start"/>
          </notations>
        </note>
      <harmony print-frame="no">
        <root>
          <root-step>C</root-step>
          </root>
        <kind text="7">dominant</kind>
        </harmony>
      <note default-x="205.71" default-y="-30.00">
        <pitch>
          <step>G</step>
          <octave>4</octave>
          </pitch>
        <duration>1</duration>
        <tie type="stop"/>
        <voice>1</voice>
        <type>eighth</type>
        <stem>up</stem>
        <beam number="1">begin</beam>
        <notations>
          <tied type="stop"/>
          </notations>
        </note>
      <note default-x="241.10" default-y="-25.00">
        <pitch>
          <step>A</step>
          <octave>4</octave>
          </pitch>
        <duration>1</duration>
        <voice>1</voice>
        <type>eighth</type>
        <stem>up</stem>
        <beam number="1">continue</beam>
        </note>
      <note default-x="276.49" default-y="-20.00">
        <pitch>
          <step>B</step>
          <alter>-1</alter>
          <octave>4</octave>
          </pitch>
        <duration>1</duration>
        <voice>1</voice>
        <type>eighth</type>
        <stem>up</stem>
        <beam number="1">continue</beam>
        </note>
      <note default-x="311.88" default-y="-15.00">
        <pitch>
          <step>C</step>
          <octave>5</octave>
          </pitch>
        <duration>1</duration>
        <tie type="start"/>
        <voice>1</voice>
        <type>eighth</type>
        <stem>up</stem>
        <beam number="1">end</beam>
        <notations>
          <tied type="start"/>
          </notations>
        </note>
      </measure>
    <measure number="18" width="296.72">
      <harmony print-frame="no">
        <root>
          <root-step>G</root-step>
          </root>
        <kind text="m7">minor-seventh</kind>
        </harmony>
      <note default-x="12.00" default-y="-15.00">
        <pitch>
          <step>C</step>
          <octave>5</octave>
          </pitch>
        <duration>1</duration>
        <tie type="stop"/>
        <voice>1</voice>
        <type>eighth</type>
        <stem>up</stem>
        <beam number="1">begin</beam>
        <notations>
          <tied type="stop"/>
          </notations>
        </note>
      <note default-x="47.39" default-y="-20.00">
        <pitch>
          <step>B</step>
          <alter>-1</alter>
          <octave>4</octave>
          </pitch>
        <duration>1</duration>
        <voice>1</voice>
        <type>eighth</type>
        <accidental>flat</accidental>
        <stem>up</stem>
        <beam number="1">continue</beam>
        </note>
      <note default-x="82.78" default-y="-25.00">
        <pitch>
          <step>A</step>
          <octave>4</octave>
          </pitch>
        <duration>1</duration>
        <voice>1</voice>
        <type>eighth</type>
        <stem>up</stem>
        <beam number="1">continue</beam>
        </note>
      <note default-x="118.17" default-y="-30.00">
        <pitch>
          <step>G</step>
          <octave>4</octave>
          </pitch>
        <duration>1</duration>
        <tie type="start"/>
        <voice>1</voice>
        <type>eighth</type>
        <stem>up</stem>
        <beam number="1">end</beam>
        <notations>
          <tied type="start"/>
          </notations>
        </note>
      <harmony print-frame="no">
        <root>
          <root-step>C</root-step>
          </root>
        <kind text="7">dominant</kind>
        </harmony>
      <note default-x="153.56" default-y="-30.00">
        <pitch>
          <step>G</step>
          <octave>4</octave>
          </pitch>
        <duration>1</duration>
        <tie type="stop"/>
        <voice>1</voice>
        <type>eighth</type>
        <stem>up</stem>
        <beam number="1">begin</beam>
        <notations>
          <tied type="stop"/>
          </notations>
        </note>
      <note default-x="188.95" default-y="-25.00">
        <pitch>
          <step>A</step>
          <octave>4</octave>
          </pitch>
        <duration>1</duration>
        <voice>1</voice>
        <type>eighth</type>
        <stem>up</stem>
        <beam number="1">continue</beam>
        </note>
      <note default-x="224.34" default-y="-20.00">
        <pitch>
          <step>B</step>
          <alter>-1</alter>
          <octave>4</octave>
          </pitch>
        <duration>1</duration>
        <voice>1</voice>
        <type>eighth</type>
        <stem>up</stem>
        <beam number="1">continue</beam>
        </note>
      <note default-x="259.73" default-y="-15.00">
        <pitch>
          <step>C</step>
          <octave>5</octave>
          </pitch>
        <duration>1</duration>
        <tie type="start"/>
        <voice>1</voice>
        <type>eighth</type>
        <stem>up</stem>
        <beam number="1">end</beam>
        <notations>
          <tied type="start"/>
          </notations>
        </note>
      </measure>
    <measure number="19" width="171.83">
      <harmony print-frame="no">
        <root>
          <root-step>F</root-step>
          </root>
        <kind text="Maj7">major-seventh</kind>
        </harmony>
      <note default-x="12.00" default-y="-15.00">
        <pitch>
          <step>C</step>
          <octave>5</octave>
          </pitch>
        <duration>8</duration>
        <tie type="stop"/>
        <tie type="start"/>
        <voice>1</voice>
        <type>whole</type>
        <notations>
          <tied type="stop"/>
          <tied type="start"/>
          </notations>
        </note>
      </measure>
    <measure number="20" width="183.83">
      <harmony print-frame="no">
        <root>
          <root-step>G</root-step>
          </root>
        <kind text="m7">minor-seventh</kind>
        </harmony>
      <note default-x="12.00" default-y="-15.00">
        <pitch>
          <step>C</step>
          <octave>5</octave>
          </pitch>
        <duration>4</duration>
        <tie type="stop"/>
        <tie type="start"/>
        <voice>1</voice>
        <type>half</type>
        <stem>down</stem>
        <notations>
          <tied type="stop"/>
          <tied type="start"/>
          </notations>
        </note>
      <harmony print-frame="no">
        <root>
          <root-step>C</root-step>
          </root>
        <kind text="7">dominant</kind>
        </harmony>
      <note default-x="97.11" default-y="-15.00">
        <pitch>
          <step>C</step>
          <octave>5</octave>
          </pitch>
        <duration>4</duration>
        <tie type="stop"/>
        <voice>1</voice>
        <type>half</type>
        <stem>down</stem>
        <notations>
          <tied type="stop"/>
          </notations>
        </note>
      </measure>
    <measure number="21" width="339.62">
      <print new-system="yes">
        <system-layout>
          <system-margins>
            <left-margin>75.84</left-margin>
            <right-margin>0.00</right-margin>
            </system-margins>
          <system-distance>129.51</system-distance>
          </system-layout>
        </print>
      <harmony print-frame="no">
        <root>
          <root-step>A</root-step>
          </root>
        <kind text="m7">minor-seventh</kind>
        </harmony>
      <note default-x="64.15" default-y="-10.00">
        <pitch>
          <step>D</step>
          <octave>5</octave>
          </pitch>
        <duration>1</duration>
        <voice>1</voice>
        <type>eighth</type>
        <stem>down</stem>
        <beam number="1">begin</beam>
        </note>
      <note default-x="98.38" default-y="-15.00">
        <pitch>
          <step>C</step>
          <octave>5</octave>
          </pitch>
        <duration>1</duration>
        <voice>1</voice>
        <type>eighth</type>
        <stem>down</stem>
        <beam number="1">continue</beam>
        </note>
      <note default-x="132.62" default-y="-20.00">
        <pitch>
          <step>B</step>
          <octave>4</octave>
          </pitch>
        <duration>1</duration>
        <voice>1</voice>
        <type>eighth</type>
        <stem>down</stem>
        <beam number="1">continue</beam>
        </note>
      <note default-x="166.85" default-y="-25.00">
        <pitch>
          <step>A</step>
          <octave>4</octave>
          </pitch>
        <duration>1</duration>
        <tie type="start"/>
        <voice>1</voice>
        <type>eighth</type>
        <stem>down</stem>
        <beam number="1">end</beam>
        <notations>
          <tied type="start"/>
          </notations>
        </note>
      <harmony print-frame="no">
        <root>
          <root-step>D</root-step>
          </root>
        <kind text="7">dominant</kind>
        </harmony>
      <note default-x="201.09" default-y="-25.00">
        <pitch>
          <step>A</step>
          <octave>4</octave>
          </pitch>
        <duration>1</duration>
        <tie type="stop"/>
        <voice>1</voice>
        <type>eighth</type>
        <stem>down</stem>
        <beam number="1">begin</beam>
        <notations>
          <tied type="stop"/>
          </notations>
        </note>
      <note default-x="235.32" default-y="-20.00">
        <pitch>
          <step>B</step>
          <octave>4</octave>
          </pitch>
        <duration>1</duration>
        <voice>1</voice>
        <type>eighth</type>
        <stem>down</stem>
        <beam number="1">continue</beam>
        </note>
      <note default-x="269.56" default-y="-15.00">
        <pitch>
          <step>C</step>
          <octave>5</octave>
          </pitch>
        <duration>1</duration>
        <voice>1</voice>
        <type>eighth</type>
        <stem>down</stem>
        <beam number="1">continue</beam>
        </note>
      <note default-x="303.79" default-y="-10.00">
        <pitch>
          <step>D</step>
          <octave>5</octave>
          </pitch>
        <duration>1</duration>
        <tie type="start"/>
        <voice>1</voice>
        <type>eighth</type>
        <stem>down</stem>
        <beam number="1">end</beam>
        <notations>
          <tied type="start"/>
          </notations>
        </note>
      </measure>
    <measure number="22" width="287.47">
      <harmony print-frame="no">
        <root>
          <root-step>A</root-step>
          </root>
        <kind text="m7">minor-seventh</kind>
        </harmony>
      <note default-x="12.00" default-y="-10.00">
        <pitch>
          <step>D</step>
          <octave>5</octave>
          </pitch>
        <duration>1</duration>
        <tie type="stop"/>
        <voice>1</voice>
        <type>eighth</type>
        <stem>down</stem>
        <beam number="1">begin</beam>
        <notations>
          <tied type="stop"/>
          </notations>
        </note>
      <note default-x="46.23" default-y="-15.00">
        <pitch>
          <step>C</step>
          <octave>5</octave>
          </pitch>
        <duration>1</duration>
        <voice>1</voice>
        <type>eighth</type>
        <stem>down</stem>
        <beam number="1">continue</beam>
        </note>
      <note default-x="80.47" default-y="-20.00">
        <pitch>
          <step>B</step>
          <octave>4</octave>
          </pitch>
        <duration>1</duration>
        <voice>1</voice>
        <type>eighth</type>
        <stem>down</stem>
        <beam number="1">continue</beam>
        </note>
      <note default-x="114.70" default-y="-25.00">
        <pitch>
          <step>A</step>
          <octave>4</octave>
          </pitch>
        <duration>1</duration>
        <tie type="start"/>
        <voice>1</voice>
        <type>eighth</type>
        <stem>down</stem>
        <beam number="1">end</beam>
        <notations>
          <tied type="start"/>
          </notations>
        </note>
      <harmony print-frame="no">
        <root>
          <root-step>D</root-step>
          </root>
        <kind text="7">dominant</kind>
        </harmony>
      <note default-x="148.94" default-y="-25.00">
        <pitch>
          <step>A</step>
          <octave>4</octave>
          </pitch>
        <duration>1</duration>
        <tie type="stop"/>
        <voice>1</voice>
        <type>eighth</type>
        <stem>down</stem>
        <beam number="1">begin</beam>
        <notations>
          <tied type="stop"/>
          </notations>
        </note>
      <note default-x="183.17" default-y="-20.00">
        <pitch>
          <step>B</step>
          <octave>4</octave>
          </pitch>
        <duration>1</duration>
        <voice>1</voice>
        <type>eighth</type>
        <stem>down</stem>
        <beam number="1">continue</beam>
        </note>
      <note default-x="217.41" default-y="-15.00">
        <pitch>
          <step>C</step>
          <octave>5</octave>
          </pitch>
        <duration>1</duration>
        <voice>1</voice>
        <type>eighth</type>
        <stem>down</stem>
        <beam number="1">continue</beam>
        </note>
      <note default-x="251.64" default-y="-10.00">
        <pitch>
          <step>D</step>
          <octave>5</octave>
          </pitch>
        <duration>1</duration>
        <tie type="start"/>
        <voice>1</voice>
        <type>eighth</type>
        <stem>down</stem>
        <beam number="1">end</beam>
        <notations>
          <tied type="start"/>
          </notations>
        </note>
      </measure>
    <measure number="23" width="185.98">
      <harmony print-frame="no">
        <root>
          <root-step>D</root-step>
          </root>
        <kind text="m7">minor-seventh</kind>
        </harmony>
      <note default-x="12.00" default-y="-10.00">
        <pitch>
          <step>D</step>
          <octave>5</octave>
          </pitch>
        <duration>4</duration>
        <tie type="stop"/>
        <tie type="start"/>
        <voice>1</voice>
        <type>half</type>
        <stem>down</stem>
        <notations>
          <tied type="stop"/>
          <tied type="start"/>
          </notations>
        </note>
      <harmony print-frame="no">
        <root>
          <root-step>G</root-step>
          </root>
        <kind text="7">dominant</kind>
        </harmony>
      <note default-x="98.19" default-y="-10.00">
        <pitch>
          <step>D</step>
          <octave>5</octave>
          </pitch>
        <duration>4</duration>
        <tie type="stop"/>
        <voice>1</voice>
        <type>half</type>
        <stem>down</stem>
        <notations>
          <tied type="stop"/>
          </notations>
        </note>
      </measure>
    <measure number="24" width="188.18">
      <harmony print-frame="no">
        <root>
          <root-step>E</root-step>
          </root>
        <kind text="m7">minor-seventh</kind>
        </harmony>
      <note>
        <rest/>
        <duration>4</duration>
        <voice>1</voice>
        <type>half</type>
        </note>
      <harmony print-frame="no">
        <root>
          <root-step>A</root-step>
          </root>
        <kind text="7">dominant</kind>
        </harmony>
      <note>
        <rest/>
        <duration>4</duration>
        <voice>1</voice>
        <type>half</type>
        </note>
      </measure>
    <measure number="25" width="303.92">
      <print new-system="yes">
        <system-layout>
          <system-margins>
            <left-margin>75.84</left-margin>
            <right-margin>0.00</right-margin>
            </system-margins>
          <system-distance>129.51</system-distance>
          </system-layout>
        </print>
      <harmony print-frame="no">
        <root>
          <root-step>D</root-step>
          </root>
        <kind text="m7">minor-seventh</kind>
        </harmony>
      <note default-x="64.15" default-y="-25.00">
        <pitch>
          <step>A</step>
          <octave>4</octave>
          </pitch>
        <duration>1</duration>
        <voice>1</voice>
        <type>eighth</type>
        <stem>up</stem>
        <beam number="1">begin</beam>
        </note>
      <note default-x="98.41" default-y="-30.00">
        <pitch>
          <step>G</step>
          <octave>4</octave>
          </pitch>
        <duration>1</duration>
        <voice>1</voice>
        <type>eighth</type>
        <stem>up</stem>
        <beam number="1">continue</beam>
        </note>
      <note default-x="132.68" default-y="-25.00">
        <pitch>
          <step>A</step>
          <octave>4</octave>
          </pitch>
        <duration>1</duration>
        <voice>1</voice>
        <type>eighth</type>
        <stem>up</stem>
        <beam number="1">continue</beam>
        </note>
      <note default-x="166.94" default-y="-30.00">
        <pitch>
          <step>G</step>
          <octave>4</octave>
          </pitch>
        <duration>1</duration>
        <tie type="start"/>
        <voice>1</voice>
        <type>eighth</type>
        <stem>up</stem>
        <beam number="1">end</beam>
        <notations>
          <tied type="start"/>
          </notations>
        </note>
      <harmony print-frame="no">
        <root>
          <root-step>G</root-step>
          </root>
        <kind text="7">dominant</kind>
        </harmony>
      <note default-x="201.21" default-y="-30.00">
        <pitch>
          <step>G</step>
          <octave>4</octave>
          </pitch>
        <duration>1</duration>
        <tie type="stop"/>
        <voice>1</voice>
        <type>eighth</type>
        <stem>up</stem>
        <notations>
          <tied type="stop"/>
          </notations>
        </note>
      <note default-x="235.47" default-y="-25.00">
        <pitch>
          <step>A</step>
          <octave>4</octave>
          </pitch>
        <duration>3</duration>
        <voice>1</voice>
        <type>quarter</type>
        <dot/>
        <stem>up</stem>
        </note>
      </measure>
    <measure number="26" width="222.78">
      <harmony print-frame="no">
        <root>
          <root-step>D</root-step>
          </root>
        <kind text="m7">minor-seventh</kind>
        </harmony>
      <note>
        <rest/>
        <duration>1</duration>
        <voice>1</voice>
        <type>eighth</type>
        </note>
      <note default-x="47.44" default-y="-25.00">
        <pitch>
          <step>A</step>
          <octave>4</octave>
          </pitch>
        <duration>3</duration>
        <voice>1</voice>
        <type>quarter</type>
        <dot/>
        <stem>up</stem>
        </note>
      <harmony print-frame="no">
        <root>
          <root-step>G</root-step>
          </root>
        <kind text="7">dominant</kind>
        </harmony>
      <note default-x="116.59" default-y="-30.00">
        <pitch>
          <step>G</step>
          <octave>4</octave>
          </pitch>
        <duration>1</duration>
        <voice>1</voice>
        <type>eighth</type>
        <stem>up</stem>
        </note>
      <note default-x="152.03" default-y="-25.00">
        <pitch>
          <step>A</step>
          <octave>4</octave>
          </pitch>
        <duration>3</duration>
        <voice>1</voice>
        <type>quarter</type>
        <dot/>
        <stem>up</stem>
        </note>
      </measure>
    <measure number="27" width="251.77">
      <harmony print-frame="no">
        <root>
          <root-step>E</root-step>
          </root>
        <kind text="m7">minor-seventh</kind>
        </harmony>
      <note default-x="12.00" default-y="-20.00">
        <pitch>
          <step>B</step>
          <octave>4</octave>
          </pitch>
        <duration>1</duration>
        <voice>1</voice>
        <type>eighth</type>
        <stem>up</stem>
        <beam number="1">begin</beam>
        </note>
      <note default-x="46.26" default-y="-25.00">
        <pitch>
          <step>A</step>
          <octave>4</octave>
          </pitch>
        <duration>1</duration>
        <voice>1</voice>
        <type>eighth</type>
        <stem>up</stem>
        <beam number="1">continue</beam>
        </note>
      <note default-x="80.53" default-y="-20.00">
        <pitch>
          <step>B</step>
          <octave>4</octave>
          </pitch>
        <duration>1</duration>
        <voice>1</voice>
        <type>eighth</type>
        <stem>up</stem>
        <beam number="1">continue</beam>
        </note>
      <note default-x="114.79" default-y="-25.00">
        <pitch>
          <step>A</step>
          <octave>4</octave>
          </pitch>
        <duration>1</duration>
        <tie type="start"/>
        <voice>1</voice>
        <type>eighth</type>
        <stem>up</stem>
        <beam number="1">end</beam>
        <notations>
          <tied type="start"/>
          </notations>
        </note>
      <harmony print-frame="no">
        <root>
          <root-step>A</root-step>
          </root>
        <kind text="7">dominant</kind>
        </harmony>
      <note default-x="149.06" default-y="-25.00">
        <pitch>
          <step>A</step>
          <octave>4</octave>
          </pitch>
        <duration>1</duration>
        <tie type="stop"/>
        <voice>1</voice>
        <type>eighth</type>
        <stem>up</stem>
        <notations>
          <tied type="stop"/>
          </notations>
        </note>
      <note default-x="183.32" default-y="-20.00">
        <pitch>
          <step>B</step>
          <octave>4</octave>
          </pitch>
        <duration>3</duration>
        <voice>1</voice>
        <type>quarter</type>
        <dot/>
        <stem>down</stem>
        </note>
      </measure>
    <measure number="28" width="222.78">
      <harmony print-frame="no">
        <root>
          <root-step>E</root-step>
          </root>
        <kind text="m7">minor-seventh</kind>
        </harmony>
      <note>
        <rest/>
        <duration>1</duration>
        <voice>1</voice>
        <type>eighth</type>
        </note>
      <note default-x="47.44" default-y="-20.00">
        <pitch>
          <step>B</step>
          <octave>4</octave>
          </pitch>
        <duration>3</duration>
        <voice>1</voice>
        <type>quarter</type>
        <dot/>
        <stem>down</stem>
        </note>
      <harmony print-frame="no">
        <root>
          <root-step>A</root-step>
          </root>
        <kind text="7">dominant</kind>
        </harmony>
      <note default-x="116.59" default-y="-25.00">
        <pitch>
          <step>A</step>
          <octave>4</octave>
          </pitch>
        <duration>1</duration>
        <voice>1</voice>
        <type>eighth</type>
        <stem>up</stem>
        </note>
      <note default-x="152.03" default-y="-20.00">
        <pitch>
          <step>B</step>
          <octave>4</octave>
          </pitch>
        <duration>3</duration>
        <voice>1</voice>
        <type>quarter</type>
        <dot/>
        <stem>down</stem>
        </note>
      </measure>
    <measure number="29" width="305.85">
      <print new-system="yes">
        <system-layout>
          <system-margins>
            <left-margin>75.84</left-margin>
            <right-margin>0.00</right-margin>
            </system-margins>
          <system-distance>129.51</system-distance>
          </system-layout>
        </print>
      <harmony print-frame="no">
        <root>
          <root-step>A</root-step>
          </root>
        <kind text="m7">minor-seventh</kind>
        </harmony>
      <note>
        <rest/>
        <duration>1</duration>
        <voice>1</voice>
        <type>eighth</type>
        </note>
      <note default-x="104.83" default-y="-10.00">
        <pitch>
          <step>D</step>
          <octave>5</octave>
          </pitch>
        <duration>3</duration>
        <voice>1</voice>
        <type>quarter</type>
        <dot/>
        <stem>down</stem>
        </note>
      <harmony print-frame="no">
        <root>
          <root-step>D</root-step>
          </root>
        <kind text="7">dominant</kind>
        </harmony>
      <note default-x="184.20" default-y="-15.00">
        <pitch>
          <step>C</step>
          <octave>5</octave>
          </pitch>
        <duration>1</duration>
        <voice>1</voice>
        <type>eighth</type>
        <stem>down</stem>
        </note>
      <note default-x="224.88" default-y="-10.00">
        <pitch>
          <step>D</step>
          <octave>5</octave>
          </pitch>
        <duration>3</duration>
        <voice>1</voice>
        <type>quarter</type>
        <dot/>
        <stem>down</stem>
        </note>
      </measure>
    <measure number="30" width="285.17">
      <harmony print-frame="no">
        <root>
          <root-step>A</root-step>
          <root-alter>-1</root-alter>
          </root>
        <kind text="m7">minor-seventh</kind>
        </harmony>
      <note>
        <rest/>
        <duration>1</duration>
        <voice>1</voice>
        <type>eighth</type>
        </note>
      <note default-x="53.45" default-y="-20.00">
        <pitch>
          <step>B</step>
          <alter>-1</alter>
          <octave>4</octave>
          </pitch>
        <duration>3</duration>
        <voice>1</voice>
        <type>quarter</type>
        <dot/>
        <accidental>flat</accidental>
        <stem>down</stem>
        </note>
      <harmony print-frame="no">
        <root>
          <root-step>D</root-step>
          <root-alter>-1</root-alter>
          </root>
        <kind text="7">dominant</kind>
        </harmony>
      <note default-x="134.33" default-y="-25.00">
        <pitch>
          <step>A</step>
          <alter>-1</alter>
          <octave>4</octave>
          </pitch>
        <duration>2</duration>
        <voice>1</voice>
        <type>quarter</type>
        <accidental>flat</accidental>
        <stem>up</stem>
        </note>
      <note default-x="200.66" default-y="-20.00">
        <pitch>
          <step>B</step>
          <alter>-1</alter>
          <octave>4</octave>
          </pitch>
        <duration>1</duration>
        <voice>1</voice>
        <type>eighth</type>
        <stem>up</stem>
        <beam number="1">begin</beam>
        </note>
      <note default-x="242.11" default-y="-30.00">
        <pitch>
          <step>G</step>
          <octave>4</octave>
          </pitch>
        <duration>1</duration>
        <tie type="start"/>
        <voice>1</voice>
        <type>eighth</type>
        <stem>up</stem>
        <beam number="1">end</beam>
        <notations>
          <tied type="start"/>
          </notations>
        </note>
      </measure>
    <measure number="31" width="195.02">
      <harmony print-frame="no">
        <root>
          <root-step>C</root-step>
          </root>
        <kind text="">major</kind>
        </harmony>
      <note default-x="12.00" default-y="-30.00">
        <pitch>
          <step>G</step>
          <octave>4</octave>
          </pitch>
        <duration>8</duration>
        <tie type="stop"/>
        <voice>1</voice>
        <type>whole</type>
        <notations>
          <tied type="stop"/>
          </notations>
        </note>
      </measure>
    <measure number="32" width="215.22">
      <harmony print-frame="no">
        <root>
          <root-step>E</root-step>
          </root>
        <kind text="m7b5">half-diminished</kind>
        </harmony>
      <note>
        <rest/>
        <duration>4</duration>
        <voice>1</voice>
        <type>half</type>
        </note>
      <harmony print-frame="no">
        <root>
          <root-step>A</root-step>
          </root>
        <kind text="7b9">dominant</kind>
        <degree>
          <degree-value>9</degree-value>
          <degree-alter>-1</degree-alter>
          <degree-type>add</degree-type>
          </degree>
        </harmony>
      <note>
        <rest/>
        <duration>4</duration>
        <voice>1</voice>
        <type>half</type>
        </note>
      <barline location="right">
        <bar-style>light-heavy</bar-style>
        </barline>
      </measure>
    </part>
  </score-partwise>
