<?xml version="1.0" encoding="UTF-8"?>
<!DOCTYPE score-partwise PUBLIC "-//Recordare//DTD MusicXML 2.0 Partwise//EN" "http://www.musicxml.org/dtds/partwise.dtd">
<score-partwise>
  <identification>
    <encoding>
      <software>MuseScore 1.3</software>
      <encoding-date>2014-01-09</encoding-date>
      </encoding>
    </identification>
  <defaults>
    <scaling>
      <millimeters>7.056</millimeters>
      <tenths>40</tenths>
      </scaling>
    <page-layout>
      <page-height>1683.67</page-height>
      <page-width>1190.48</page-width>
      <page-margins type="even">
        <left-margin>56.6893</left-margin>
        <right-margin>56.6893</right-margin>
        <top-margin>56.6893</top-margin>
        <bottom-margin>113.379</bottom-margin>
        </page-margins>
      <page-margins type="odd">
        <left-margin>56.6893</left-margin>
        <right-margin>56.6893</right-margin>
        <top-margin>56.6893</top-margin>
        <bottom-margin>113.379</bottom-margin>
        </page-margins>
      </page-layout>
    </defaults>
  <credit page="1">
    <credit-words default-x="595.238" default-y="1626.98" font-size="24" justify="center" valign="top">Solar</credit-words>
    </credit>
  <credit page="1">
    <credit-words default-x="1133.79" default-y="1559.98" font-size="12" justify="right" valign="top">Miles Davies</credit-words>
    </credit>
  <part-list>
    <part-group type="start" number="1">
      <group-symbol>brace</group-symbol>
      </part-group>
    <score-part id="P1">
      <part-name>Piano</part-name>
      <part-abbreviation>Pno.</part-abbreviation>
      <score-instrument id="P1-I3">
        <instrument-name>Piano</instrument-name>
        </score-instrument>
      <midi-instrument id="P1-I3">
        <midi-channel>1</midi-channel>
        <midi-program>1</midi-program>
        <volume>78.7402</volume>
        <pan>0</pan>
        </midi-instrument>
      </score-part>
    </part-list>
  <part id="P1">
    <measure number="1" width="307.22">
      <print>
        <system-layout>
          <system-margins>
            <left-margin>87.12</left-margin>
            <right-margin>0.00</right-margin>
            </system-margins>
          <top-system-distance>180.00</top-system-distance>
          </system-layout>
        </print>
      <attributes>
        <divisions>2</divisions>
        <key>
          <fifths>0</fifths>
          <mode>major</mode>
          </key>
        <time>
          <beats>4</beats>
          <beat-type>4</beat-type>
          </time>
        <clef>
          <sign>G</sign>
          <line>2</line>
          </clef>
        </attributes>
      <harmony print-frame="no">
        <root>
          <root-step>C</root-step>
          </root>
        <kind text="m7">minor-seventh</kind>
        </harmony>
      <note>
        <rest/>
        <duration>1</duration>
        <voice>1</voice>
        <type>eighth</type>
        </note>
      <note default-x="109.56" default-y="-15.00">
        <pitch>
          <step>C</step>
          <octave>5</octave>
          </pitch>
        <duration>3</duration>
        <voice>1</voice>
        <type>quarter</type>
        <dot/>
        <stem>down</stem>
        </note>
      <note default-x="178.47" default-y="-20.00">
        <pitch>
          <step>B</step>
          <octave>4</octave>
          </pitch>
        <duration>2</duration>
        <voice>1</voice>
        <type>quarter</type>
        <stem>down</stem>
        </note>
      <note default-x="234.98" default-y="-10.00">
        <pitch>
          <step>D</step>
          <octave>5</octave>
          </pitch>
        <duration>1</duration>
        <voice>1</voice>
        <type>eighth</type>
        <stem>down</stem>
        <beam number="1">begin</beam>
        </note>
      <note default-x="270.30" default-y="-15.00">
        <pitch>
          <step>C</step>
          <octave>5</octave>
          </pitch>
        <duration>1</duration>
        <voice>1</voice>
        <type>eighth</type>
        <stem>down</stem>
        <beam number="1">end</beam>
        </note>
      </measure>
    <measure number="2" width="245.33">
      <note>
        <rest/>
        <duration>1</duration>
        <voice>1</voice>
        <type>eighth</type>
        </note>
      <note default-x="51.26" default-y="-30.00">
        <pitch>
          <step>G</step>
          <octave>4</octave>
          </pitch>
        <duration>3</duration>
        <tie type="start"/>
        <voice>1</voice>
        <type>quarter</type>
        <dot/>
        <stem>up</stem>
        <notations>
          <tied type="start"/>
          </notations>
        </note>
      <note default-x="127.86" default-y="-30.00">
        <pitch>
          <step>G</step>
          <octave>4</octave>
          </pitch>
        <duration>3</duration>
        <tie type="stop"/>
        <voice>1</voice>
        <type>quarter</type>
        <dot/>
        <stem>up</stem>
        <notations>
          <tied type="stop"/>
          </notations>
        </note>
      <note default-x="204.46" default-y="-25.00">
        <pitch>
          <step>A</step>
          <octave>4</octave>
          </pitch>
        <duration>1</duration>
        <voice>1</voice>
        <type>eighth</type>
        <stem>up</stem>
        </note>
      </measure>
    <measure number="3" width="259.80">
      <harmony print-frame="no">
        <root>
          <root-step>G</root-step>
          </root>
        <kind text="m7">minor-seventh</kind>
        </harmony>
      <note default-x="15.00" default-y="-20.00">
        <pitch>
          <step>B</step>
          <alter>-1</alter>
          <octave>4</octave>
          </pitch>
        <duration>2</duration>
        <voice>1</voice>
        <type>quarter</type>
        <accidental>flat</accidental>
        <stem>down</stem>
        </note>
      <note default-x="69.04" default-y="-20.00">
        <pitch>
          <step>B</step>
          <alter>-1</alter>
          <octave>4</octave>
          </pitch>
        <duration>1</duration>
        <voice>1</voice>
        <type>eighth</type>
        <stem>down</stem>
        <beam number="1">begin</beam>
        </note>
      <note default-x="102.82" default-y="-20.00">
        <pitch>
          <step>B</step>
          <alter>-1</alter>
          <octave>4</octave>
          </pitch>
        <duration>1</duration>
        <voice>1</voice>
        <type>eighth</type>
        <stem>down</stem>
        <beam number="1">end</beam>
        </note>
      <note default-x="136.60" default-y="-25.00">
        <pitch>
          <step>A</step>
          <octave>4</octave>
          </pitch>
        <duration>2</duration>
        <voice>1</voice>
        <type>quarter</type>
        <stem>up</stem>
        </note>
      <note default-x="190.65" default-y="-15.00">
        <pitch>
          <step>C</step>
          <octave>5</octave>
          </pitch>
        <duration>1</duration>
        <voice>1</voice>
        <type>eighth</type>
        <stem>down</stem>
        <beam number="1">begin</beam>
        </note>
      <note default-x="224.42" default-y="-20.00">
        <pitch>
          <step>B</step>
          <alter>-1</alter>
          <octave>4</octave>
          </pitch>
        <duration>1</duration>
        <tie type="start"/>
        <voice>1</voice>
        <type>eighth</type>
        <stem>down</stem>
        <beam number="1">end</beam>
        <notations>
          <tied type="start"/>
          </notations>
        </note>
      </measure>
    <measure number="4" width="177.63">
      <harmony print-frame="no">
        <root>
          <root-step>C</root-step>
          </root>
        <kind text="7">dominant</kind>
        </harmony>
      <note default-x="12.00" default-y="-20.00">
        <pitch>
          <step>B</step>
          <alter>-1</alter>
          <octave>4</octave>
          </pitch>
        <duration>8</duration>
        <tie type="stop"/>
        <voice>1</voice>
        <type>whole</type>
        <notations>
          <tied type="stop"/>
          </notations>
        </note>
      </measure>
    <measure number="5" width="299.21">
      <print new-system="yes">
        <system-layout>
          <system-margins>
            <left-margin>75.84</left-margin>
            <right-margin>0.00</right-margin>
            </system-margins>
          <system-distance>92.50</system-distance>
          </system-layout>
        </print>
      <harmony print-frame="no">
        <root>
          <root-step>F</root-step>
          </root>
        <kind text="Maj7">major-seventh</kind>
        </harmony>
      <note>
        <rest/>
        <duration>1</duration>
        <voice>1</voice>
        <type>eighth</type>
        </note>
      <note default-x="90.47" default-y="-25.00">
        <pitch>
          <step>A</step>
          <octave>4</octave>
          </pitch>
        <duration>3</duration>
        <voice>1</voice>
        <type>quarter</type>
        <dot/>
        <stem>up</stem>
        </note>
      <note default-x="163.27" default-y="-30.00">
        <pitch>
          <step>G</step>
          <alter>1</alter>
          <octave>4</octave>
          </pitch>
        <duration>2</duration>
        <voice>1</voice>
        <type>quarter</type>
        <accidental>sharp</accidental>
        <stem>up</stem>
        </note>
      <note default-x="222.98" default-y="-20.00">
        <pitch>
          <step>B</step>
          <alter>-1</alter>
          <octave>4</octave>
          </pitch>
        <duration>1</duration>
        <voice>1</voice>
        <type>eighth</type>
        <accidental>flat</accidental>
        <stem>up</stem>
        <beam number="1">begin</beam>
        </note>
      <note default-x="260.30" default-y="-25.00">
        <pitch>
          <step>A</step>
          <octave>4</octave>
          </pitch>
        <duration>1</duration>
        <voice>1</voice>
        <type>eighth</type>
        <stem>up</stem>
        <beam number="1">end</beam>
        </note>
      </measure>
    <measure number="6" width="233.46">
      <note>
        <rest/>
        <duration>1</duration>
        <voice>1</voice>
        <type>eighth</type>
        </note>
      <note default-x="45.56" default-y="-50.00">
        <pitch>
          <step>C</step>
          <octave>4</octave>
          </pitch>
        <duration>3</duration>
        <tie type="start"/>
        <voice>1</voice>
        <type>quarter</type>
        <dot/>
        <stem>up</stem>
        <notations>
          <tied type="start"/>
          </notations>
        </note>
      <note default-x="111.04" default-y="-50.00">
        <pitch>
          <step>C</step>
          <octave>4</octave>
          </pitch>
        <duration>2</duration>
        <tie type="stop"/>
        <voice>1</voice>
        <type>quarter</type>
        <stem>up</stem>
        <notations>
          <tied type="stop"/>
          </notations>
        </note>
      <note default-x="164.74" default-y="-35.00">
        <pitch>
          <step>F</step>
          <octave>4</octave>
          </pitch>
        <duration>1</duration>
        <voice>1</voice>
        <type>eighth</type>
        <stem>up</stem>
        <beam number="1">begin</beam>
        </note>
      <note default-x="198.30" default-y="-30.00">
        <pitch>
          <step>G</step>
          <octave>4</octave>
          </pitch>
        <duration>1</duration>
        <voice>1</voice>
        <type>eighth</type>
        <stem>up</stem>
        <beam number="1">end</beam>
        </note>
      </measure>
    <measure number="7" width="259.69">
      <harmony print-frame="no">
        <root>
          <root-step>F</root-step>
          </root>
        <kind text="m7">minor-seventh</kind>
        </harmony>
      <note default-x="15.00" default-y="-25.00">
        <pitch>
          <step>A</step>
          <alter>-1</alter>
          <octave>4</octave>
          </pitch>
        <duration>2</duration>
        <voice>1</voice>
        <type>quarter</type>
        <accidental>flat</accidental>
        <stem>up</stem>
        </note>
      <note default-x="69.02" default-y="-25.00">
        <pitch>
          <step>A</step>
          <alter>-1</alter>
          <octave>4</octave>
          </pitch>
        <duration>1</duration>
        <voice>1</voice>
        <type>eighth</type>
        <stem>up</stem>
        <beam number="1">begin</beam>
        </note>
      <note default-x="102.78" default-y="-25.00">
        <pitch>
          <step>A</step>
          <alter>-1</alter>
          <octave>4</octave>
          </pitch>
        <duration>1</duration>
        <voice>1</voice>
        <type>eighth</type>
        <stem>up</stem>
        <beam number="1">end</beam>
        </note>
      <note default-x="136.54" default-y="-30.00">
        <pitch>
          <step>G</step>
          <octave>4</octave>
          </pitch>
        <duration>2</duration>
        <voice>1</voice>
        <type>quarter</type>
        <stem>up</stem>
        </note>
      <note default-x="190.56" default-y="-20.00">
        <pitch>
          <step>B</step>
          <alter>-1</alter>
          <octave>4</octave>
          </pitch>
        <duration>1</duration>
        <voice>1</voice>
        <type>eighth</type>
        <accidental>flat</accidental>
        <stem>up</stem>
        <beam number="1">begin</beam>
        </note>
      <note default-x="224.33" default-y="-25.00">
        <pitch>
          <step>A</step>
          <alter>-1</alter>
          <octave>4</octave>
          </pitch>
        <duration>1</duration>
        <tie type="start"/>
        <voice>1</voice>
        <type>eighth</type>
        <stem>up</stem>
        <beam number="1">end</beam>
        <notations>
          <tied type="start"/>
          </notations>
        </note>
      </measure>
    <measure number="8" width="208.89">
      <harmony print-frame="no">
        <root>
          <root-step>B</root-step>
          <root-alter>-1</root-alter>
          </root>
        <kind text="7">dominant</kind>
        </harmony>
      <note default-x="12.00" default-y="-25.00">
        <pitch>
          <step>A</step>
          <alter>-1</alter>
          <octave>4</octave>
          </pitch>
        <duration>6</duration>
        <tie type="stop"/>
        <voice>1</voice>
        <type>half</type>
        <dot/>
        <stem>up</stem>
        <notations>
          <tied type="stop"/>
          </notations>
        </note>
      <note>
        <rest/>
        <duration>1</duration>
        <voice>1</voice>
        <type>eighth</type>
        </note>
      <note default-x="164.38" default-y="-30.00">
        <pitch>
          <step>G</step>
          <octave>4</octave>
          </pitch>
        <duration>1</duration>
        <tie type="start"/>
        <voice>1</voice>
        <type>eighth</type>
        <stem>up</stem>
        <notations>
          <tied type="start"/>
          </notations>
        </note>
      </measure>
    <measure number="9" width="310.68">
      <print new-system="yes">
        <system-layout>
          <system-margins>
            <left-margin>75.84</left-margin>
            <right-margin>0.00</right-margin>
            </system-margins>
          <system-distance>92.50</system-distance>
          </system-layout>
        </print>
      <harmony print-frame="no">
        <root>
          <root-step>E</root-step>
          <root-alter>-1</root-alter>
          </root>
        <kind text="Maj7">major-seventh</kind>
        </harmony>
      <note default-x="53.15" default-y="-30.00">
        <pitch>
          <step>G</step>
          <octave>4</octave>
          </pitch>
        <duration>2</duration>
        <tie type="stop"/>
        <voice>1</voice>
        <type>quarter</type>
        <stem>up</stem>
        <notations>
          <tied type="stop"/>
          </notations>
        </note>
      <note default-x="110.02" default-y="-35.00">
        <pitch>
          <step>F</step>
          <octave>4</octave>
          </pitch>
        <duration>1</duration>
        <voice>1</voice>
        <type>eighth</type>
        <stem>up</stem>
        <beam number="1">begin</beam>
        </note>
      <note default-x="145.57" default-y="-40.00">
        <pitch>
          <step>E</step>
          <alter>-1</alter>
          <octave>4</octave>
          </pitch>
        <duration>1</duration>
        <voice>1</voice>
        <type>eighth</type>
        <accidental>flat</accidental>
        <stem>up</stem>
        <beam number="1">end</beam>
        </note>
      <note default-x="181.12" default-y="-45.00">
        <pitch>
          <step>D</step>
          <octave>4</octave>
          </pitch>
        <duration>1</duration>
        <voice>1</voice>
        <type>eighth</type>
        <stem>up</stem>
        </note>
      <note default-x="216.66" default-y="-50.00">
        <pitch>
          <step>C</step>
          <octave>4</octave>
          </pitch>
        <duration>2</duration>
        <voice>1</voice>
        <type>quarter</type>
        <stem>up</stem>
        </note>
      <note default-x="273.53" default-y="-30.00">
        <pitch>
          <step>G</step>
          <alter>-1</alter>
          <octave>4</octave>
          </pitch>
        <duration>1</duration>
        <tie type="start"/>
        <voice>1</voice>
        <type>eighth</type>
        <accidental>flat</accidental>
        <stem>up</stem>
        <notations>
          <tied type="start"/>
          </notations>
        </note>
      </measure>
    <measure number="10" width="269.53">
      <harmony print-frame="no">
        <root>
          <root-step>E</root-step>
          <root-alter>-1</root-alter>
          </root>
        <kind text="m7">minor-seventh</kind>
        </harmony>
      <note default-x="12.00" default-y="-30.00">
        <pitch>
          <step>G</step>
          <alter>-1</alter>
          <octave>4</octave>
          </pitch>
        <duration>2</duration>
        <tie type="stop"/>
        <voice>1</voice>
        <type>quarter</type>
        <stem>up</stem>
        <notations>
          <tied type="stop"/>
          </notations>
        </note>
      <note default-x="68.87" default-y="-35.00">
        <pitch>
          <step>F</step>
          <octave>4</octave>
          </pitch>
        <duration>1</duration>
        <voice>1</voice>
        <type>eighth</type>
        <stem>up</stem>
        <beam number="1">begin</beam>
        </note>
      <note default-x="104.42" default-y="-40.00">
        <pitch>
          <step>E</step>
          <alter>-1</alter>
          <octave>4</octave>
          </pitch>
        <duration>1</duration>
        <voice>1</voice>
        <type>eighth</type>
        <accidental>flat</accidental>
        <stem>up</stem>
        <beam number="1">end</beam>
        </note>
      <harmony print-frame="no">
        <root>
          <root-step>A</root-step>
          <root-alter>-1</root-alter>
          </root>
        <kind text="7">dominant</kind>
        </harmony>
      <note default-x="139.96" default-y="-45.00">
        <pitch>
          <step>D</step>
          <alter>-1</alter>
          <octave>4</octave>
          </pitch>
        <duration>1</duration>
        <voice>1</voice>
        <type>eighth</type>
        <accidental>flat</accidental>
        <stem>up</stem>
        </note>
      <note default-x="175.51" default-y="-50.00">
        <pitch>
          <step>C</step>
          <octave>4</octave>
          </pitch>
        <duration>2</duration>
        <voice>1</voice>
        <type>quarter</type>
        <stem>up</stem>
        </note>
      <note default-x="232.38" default-y="-35.00">
        <pitch>
          <step>F</step>
          <octave>4</octave>
          </pitch>
        <duration>1</duration>
        <tie type="start"/>
        <voice>1</voice>
        <type>eighth</type>
        <stem>up</stem>
        <notations>
          <tied type="start"/>
          </notations>
        </note>
      </measure>
    <measure number="11" width="149.54">
      <harmony print-frame="no">
        <root>
          <root-step>D</root-step>
          <root-alter>-1</root-alter>
          </root>
        <kind text="Maj7">major-seventh</kind>
        </harmony>
      <note default-x="12.00" default-y="-35.00">
        <pitch>
          <step>F</step>
          <octave>4</octave>
          </pitch>
        <duration>8</duration>
        <tie type="stop"/>
        <voice>1</voice>
        <type>whole</type>
        <notations>
          <tied type="stop"/>
          </notations>
        </note>
      </measure>
    <measure number="12" width="271.51">
      <harmony print-frame="no">
        <root>
          <root-step>D</root-step>
          </root>
        <kind text="m7b5">half-diminished</kind>
        </harmony>
      <note>
        <rest/>
        <duration>1</duration>
        <voice>1</voice>
        <type>eighth</type>
        </note>
      <note default-x="45.15" default-y="-45.00">
        <pitch>
          <step>D</step>
          <octave>4</octave>
          </pitch>
        <duration>1</duration>
        <voice>1</voice>
        <type>eighth</type>
        <stem>up</stem>
        <beam number="1">begin</beam>
        </note>
      <note default-x="78.29" default-y="-40.00">
        <pitch>
          <step>E</step>
          <alter>-1</alter>
          <octave>4</octave>
          </pitch>
        <duration>1</duration>
        <voice>1</voice>
        <type>eighth</type>
        <accidental>flat</accidental>
        <stem>up</stem>
        <beam number="1">continue</beam>
        </note>
      <note default-x="111.44" default-y="-35.00">
        <pitch>
          <step>F</step>
          <octave>4</octave>
          </pitch>
        <duration>1</duration>
        <voice>1</voice>
        <type>eighth</type>
        <stem>up</stem>
        <beam number="1">end</beam>
        </note>
      <harmony print-frame="no">
        <root>
          <root-step>G</root-step>
          </root>
        <kind text="7b9">dominant</kind>
        <degree>
          <degree-value>9</degree-value>
          <degree-alter>-1</degree-alter>
          <degree-type>add</degree-type>
          </degree>
        </harmony>
      <note default-x="144.58" default-y="-30.00">
        <pitch>
          <step>G</step>
          <octave>4</octave>
          </pitch>
        <duration>1</duration>
        <voice>1</voice>
        <type>eighth</type>
        <stem>up</stem>
        <beam number="1">begin</beam>
        </note>
      <note default-x="177.73" default-y="-25.00">
        <pitch>
          <step>A</step>
          <alter>-1</alter>
          <octave>4</octave>
          </pitch>
        <duration>1</duration>
        <voice>1</voice>
        <type>eighth</type>
        <accidental>flat</accidental>
        <stem>up</stem>
        <beam number="1">end</beam>
        </note>
      <note default-x="210.88" default-y="-20.00">
        <pitch>
          <step>B</step>
          <octave>4</octave>
          </pitch>
        <duration>2</duration>
        <voice>1</voice>
        <type>quarter</type>
        <stem>down</stem>
        </note>
      <barline location="right">
        <bar-style>light-heavy</bar-style>
        </barline>
      </measure>
    </part>
  </score-partwise>
