<?xml version="1.0" encoding="UTF-8"?>
<!DOCTYPE score-partwise PUBLIC "-//Recordare//DTD MusicXML 2.0 Partwise//EN" "http://www.musicxml.org/dtds/partwise.dtd">
<score-partwise>
  <identification>
    <encoding>
      <software>MuseScore 1.3</software>
      <encoding-date>2014-01-21</encoding-date>
      </encoding>
    </identification>
  <defaults>
    <scaling>
      <millimeters>7.056</millimeters>
      <tenths>40</tenths>
      </scaling>
    <page-layout>
      <page-height>1683.67</page-height>
      <page-width>1190.48</page-width>
      <page-margins type="even">
        <left-margin>56.6893</left-margin>
        <right-margin>56.6893</right-margin>
        <top-margin>56.6893</top-margin>
        <bottom-margin>113.379</bottom-margin>
        </page-margins>
      <page-margins type="odd">
        <left-margin>56.6893</left-margin>
        <right-margin>56.6893</right-margin>
        <top-margin>56.6893</top-margin>
        <bottom-margin>113.379</bottom-margin>
        </page-margins>
      </page-layout>
    </defaults>
  <credit page="1">
    <credit-words default-x="595.238" default-y="1626.98" font-size="24" justify="center" valign="top">There Will Never Be Another You</credit-words>
    </credit>
  <credit page="1">
    <credit-words default-x="1133.79" default-y="1559.98" font-size="12" justify="right" valign="top">Warren / Gordon</credit-words>
    </credit>
  <part-list>
    <part-group type="start" number="1">
      <group-symbol>brace</group-symbol>
      </part-group>
    <score-part id="P1">
      <part-name>Piano</part-name>
      <part-abbreviation>Pno.</part-abbreviation>
      <score-instrument id="P1-I3">
        <instrument-name>Piano</instrument-name>
        </score-instrument>
      <midi-instrument id="P1-I3">
        <midi-channel>1</midi-channel>
        <midi-program>1</midi-program>
        <volume>78.7402</volume>
        <pan>0</pan>
        </midi-instrument>
      </score-part>
    </part-list>
  <part id="P1">
    <measure number="1" width="273.55">
      <print>
        <system-layout>
          <system-margins>
            <left-margin>87.12</left-margin>
            <right-margin>0.00</right-margin>
            </system-margins>
          <top-system-distance>217.01</top-system-distance>
          </system-layout>
        </print>
      <attributes>
        <divisions>2</divisions>
        <key>
          <fifths>-3</fifths>
          <mode>major</mode>
          </key>
        <time>
          <beats>4</beats>
          <beat-type>4</beat-type>
          </time>
        <clef>
          <sign>G</sign>
          <line>2</line>
          </clef>
        </attributes>
      <direction placement="above">
        <direction-type>
          <words>swing</words>
          </direction-type>
        <sound tempo="168"/>
        </direction>
      <note>
        <rest/>
        <duration>2</duration>
        <voice>1</voice>
        <type>quarter</type>
        </note>
      <note>
        <rest/>
        <duration>2</duration>
        <voice>1</voice>
        <type>quarter</type>
        </note>
      <note>
        <rest/>
        <duration>2</duration>
        <voice>1</voice>
        <type>quarter</type>
        </note>
      <note default-x="229.82" default-y="-55.00">
        <pitch>
          <step>B</step>
          <alter>-1</alter>
          <octave>3</octave>
          </pitch>
        <duration>2</duration>
        <voice>1</voice>
        <type>quarter</type>
        <stem>up</stem>
        </note>
      </measure>
    <measure number="2" width="193.09">
      <harmony print-frame="no">
        <root>
          <root-step>E</root-step>
          <root-alter>-1</root-alter>
          </root>
        <kind text="Maj7">major-seventh</kind>
        </harmony>
      <note default-x="12.00" default-y="-50.00">
        <pitch>
          <step>C</step>
          <octave>4</octave>
          </pitch>
        <duration>2</duration>
        <voice>1</voice>
        <type>quarter</type>
        <stem>up</stem>
        </note>
      <note default-x="56.87" default-y="-45.00">
        <pitch>
          <step>D</step>
          <octave>4</octave>
          </pitch>
        <duration>2</duration>
        <voice>1</voice>
        <type>quarter</type>
        <stem>up</stem>
        </note>
      <note default-x="101.75" default-y="-40.00">
        <pitch>
          <step>E</step>
          <alter>-1</alter>
          <octave>4</octave>
          </pitch>
        <duration>2</duration>
        <voice>1</voice>
        <type>quarter</type>
        <stem>up</stem>
        </note>
      <note default-x="146.62" default-y="-35.00">
        <pitch>
          <step>F</step>
          <octave>4</octave>
          </pitch>
        <duration>2</duration>
        <voice>1</voice>
        <type>quarter</type>
        <stem>up</stem>
        </note>
      </measure>
    <measure number="3" width="193.09">
      <note default-x="12.00" default-y="-30.00">
        <pitch>
          <step>G</step>
          <octave>4</octave>
          </pitch>
        <duration>2</duration>
        <voice>1</voice>
        <type>quarter</type>
        <stem>up</stem>
        </note>
      <note default-x="56.87" default-y="-20.00">
        <pitch>
          <step>B</step>
          <alter>-1</alter>
          <octave>4</octave>
          </pitch>
        <duration>2</duration>
        <voice>1</voice>
        <type>quarter</type>
        <stem>down</stem>
        </note>
      <note default-x="101.75" default-y="-35.00">
        <pitch>
          <step>F</step>
          <octave>4</octave>
          </pitch>
        <duration>2</duration>
        <voice>1</voice>
        <type>quarter</type>
        <stem>up</stem>
        </note>
      <note default-x="146.62" default-y="-40.00">
        <pitch>
          <step>E</step>
          <alter>-1</alter>
          <octave>4</octave>
          </pitch>
        <duration>2</duration>
        <voice>1</voice>
        <type>quarter</type>
        <stem>up</stem>
        </note>
      </measure>
    <measure number="4" width="148.24">
      <harmony print-frame="no">
        <root>
          <root-step>D</root-step>
          </root>
        <kind text="m7b5">half-diminished</kind>
        </harmony>
      <note default-x="12.00" default-y="-35.00">
        <pitch>
          <step>F</step>
          <octave>4</octave>
          </pitch>
        <duration>8</duration>
        <tie type="start"/>
        <voice>1</voice>
        <type>whole</type>
        <notations>
          <tied type="start"/>
          </notations>
        </note>
      </measure>
    <measure number="5" width="182.00">
      <harmony print-frame="no">
        <root>
          <root-step>G</root-step>
          </root>
        <kind text="7b9">dominant</kind>
        <degree>
          <degree-value>9</degree-value>
          <degree-alter>-1</degree-alter>
          <degree-type>add</degree-type>
          </degree>
        </harmony>
      <note default-x="12.00" default-y="-35.00">
        <pitch>
          <step>F</step>
          <octave>4</octave>
          </pitch>
        <duration>4</duration>
        <tie type="stop"/>
        <voice>1</voice>
        <type>half</type>
        <stem>up</stem>
        <notations>
          <tied type="stop"/>
          </notations>
        </note>
      <note>
        <rest/>
        <duration>1</duration>
        <voice>1</voice>
        <type>eighth</type>
        </note>
      <note default-x="116.62" default-y="-30.00">
        <pitch>
          <step>G</step>
          <octave>4</octave>
          </pitch>
        <duration>3</duration>
        <voice>1</voice>
        <type>quarter</type>
        <dot/>
        <stem>up</stem>
        </note>
      </measure>
    <measure number="6" width="318.44">
      <print new-system="yes">
        <system-layout>
          <system-margins>
            <left-margin>75.84</left-margin>
            <right-margin>0.00</right-margin>
            </system-margins>
          <system-distance>129.51</system-distance>
          </system-layout>
        </print>
      <harmony print-frame="no">
        <root>
          <root-step>C</root-step>
          </root>
        <kind text="m7">minor-seventh</kind>
        </harmony>
      <note default-x="82.35" default-y="-40.00">
        <pitch>
          <step>E</step>
          <alter>-1</alter>
          <octave>4</octave>
          </pitch>
        <duration>2</duration>
        <voice>1</voice>
        <type>quarter</type>
        <stem>up</stem>
        </note>
      <note default-x="140.97" default-y="-35.00">
        <pitch>
          <step>F</step>
          <octave>4</octave>
          </pitch>
        <duration>2</duration>
        <voice>1</voice>
        <type>quarter</type>
        <stem>up</stem>
        </note>
      <note default-x="199.59" default-y="-30.00">
        <pitch>
          <step>G</step>
          <octave>4</octave>
          </pitch>
        <duration>2</duration>
        <voice>1</voice>
        <type>quarter</type>
        <stem>up</stem>
        </note>
      <note default-x="258.21" default-y="-20.00">
        <pitch>
          <step>B</step>
          <alter>-1</alter>
          <octave>4</octave>
          </pitch>
        <duration>2</duration>
        <voice>1</voice>
        <type>quarter</type>
        <stem>down</stem>
        </note>
      </measure>
    <measure number="7" width="256.58">
      <note default-x="12.00" default-y="-15.00">
        <pitch>
          <step>C</step>
          <octave>5</octave>
          </pitch>
        <duration>2</duration>
        <voice>1</voice>
        <type>quarter</type>
        <stem>down</stem>
        </note>
      <note default-x="75.21" default-y="-5.00">
        <pitch>
          <step>E</step>
          <alter>-1</alter>
          <octave>5</octave>
          </pitch>
        <duration>2</duration>
        <voice>1</voice>
        <type>quarter</type>
        <stem>down</stem>
        </note>
      <note default-x="138.41" default-y="-15.00">
        <pitch>
          <step>C</step>
          <octave>5</octave>
          </pitch>
        <duration>3</duration>
        <voice>1</voice>
        <type>quarter</type>
        <dot/>
        <stem>down</stem>
        </note>
      <note default-x="215.48" default-y="-20.00">
        <pitch>
          <step>B</step>
          <alter>-1</alter>
          <octave>4</octave>
          </pitch>
        <duration>1</duration>
        <voice>1</voice>
        <type>eighth</type>
        <stem>down</stem>
        </note>
      </measure>
    <measure number="8" width="203.24">
      <harmony print-frame="no">
        <root>
          <root-step>B</root-step>
          <root-alter>-1</root-alter>
          </root>
        <kind text="m7">minor-seventh</kind>
        </harmony>
      <note default-x="12.00" default-y="-15.00">
        <pitch>
          <step>C</step>
          <octave>5</octave>
          </pitch>
        <duration>8</duration>
        <tie type="start"/>
        <voice>1</voice>
        <type>whole</type>
        <notations>
          <tied type="start"/>
          </notations>
        </note>
      </measure>
    <measure number="9" width="223.00">
      <harmony print-frame="no">
        <root>
          <root-step>E</root-step>
          <root-alter>-1</root-alter>
          </root>
        <kind text="7">dominant</kind>
        </harmony>
      <note default-x="12.00" default-y="-15.00">
        <pitch>
          <step>C</step>
          <octave>5</octave>
          </pitch>
        <duration>6</duration>
        <tie type="stop"/>
        <voice>1</voice>
        <type>half</type>
        <dot/>
        <stem>down</stem>
        <notations>
          <tied type="stop"/>
          </notations>
        </note>
      <note default-x="150.44" default-y="-20.00">
        <pitch>
          <step>B</step>
          <alter>-1</alter>
          <octave>4</octave>
          </pitch>
        <duration>2</duration>
        <voice>1</voice>
        <type>quarter</type>
        <stem>down</stem>
        </note>
      </measure>
    <measure number="10" width="298.79">
      <print new-system="yes">
        <system-layout>
          <system-margins>
            <left-margin>75.84</left-margin>
            <right-margin>0.00</right-margin>
            </system-margins>
          <system-distance>129.51</system-distance>
          </system-layout>
        </print>
      <harmony print-frame="no">
        <root>
          <root-step>A</root-step>
          <root-alter>-1</root-alter>
          </root>
        <kind text="Maj7">major-seventh</kind>
        </harmony>
      <note default-x="82.35" default-y="-5.00">
        <pitch>
          <step>E</step>
          <alter>-1</alter>
          <octave>5</octave>
          </pitch>
        <duration>2</duration>
        <voice>1</voice>
        <type>quarter</type>
        <stem>down</stem>
        </note>
      <note default-x="136.06" default-y="-15.00">
        <pitch>
          <step>C</step>
          <octave>5</octave>
          </pitch>
        <duration>2</duration>
        <voice>1</voice>
        <type>quarter</type>
        <stem>down</stem>
        </note>
      <note default-x="189.77" default-y="-20.00">
        <pitch>
          <step>B</step>
          <alter>-1</alter>
          <octave>4</octave>
          </pitch>
        <duration>2</duration>
        <voice>1</voice>
        <type>quarter</type>
        <stem>down</stem>
        </note>
      <note default-x="243.48" default-y="-25.00">
        <pitch>
          <step>A</step>
          <alter>-1</alter>
          <octave>4</octave>
          </pitch>
        <duration>2</duration>
        <voice>1</voice>
        <type>quarter</type>
        <stem>up</stem>
        </note>
      </measure>
    <measure number="11" width="228.44">
      <harmony print-frame="no">
        <root>
          <root-step>F</root-step>
          </root>
        <kind text="m7b5">half-diminished</kind>
        </harmony>
      <note default-x="12.00" default-y="-30.00">
        <pitch>
          <step>G</step>
          <octave>4</octave>
          </pitch>
        <duration>2</duration>
        <voice>1</voice>
        <type>quarter</type>
        <stem>up</stem>
        </note>
      <note default-x="65.71" default-y="-35.00">
        <pitch>
          <step>F</step>
          <octave>4</octave>
          </pitch>
        <duration>2</duration>
        <voice>1</voice>
        <type>quarter</type>
        <stem>up</stem>
        </note>
      <harmony print-frame="no">
        <root>
          <root-step>B</root-step>
          <root-alter>-1</root-alter>
          </root>
        <kind text="7">dominant</kind>
        </harmony>
      <note default-x="119.42" default-y="-30.00">
        <pitch>
          <step>G</step>
          <octave>4</octave>
          </pitch>
        <duration>2</duration>
        <voice>1</voice>
        <type>quarter</type>
        <stem>up</stem>
        </note>
      <note default-x="173.13" default-y="-25.00">
        <pitch>
          <step>A</step>
          <alter>-1</alter>
          <octave>4</octave>
          </pitch>
        <duration>2</duration>
        <voice>1</voice>
        <type>quarter</type>
        <stem>up</stem>
        </note>
      </measure>
    <measure number="12" width="228.44">
      <harmony print-frame="no">
        <root>
          <root-step>E</root-step>
          <root-alter>-1</root-alter>
          </root>
        <kind text="Maj7">major-seventh</kind>
        </harmony>
      <note default-x="12.00" default-y="-20.00">
        <pitch>
          <step>B</step>
          <alter>-1</alter>
          <octave>4</octave>
          </pitch>
        <duration>2</duration>
        <voice>1</voice>
        <type>quarter</type>
        <stem>down</stem>
        </note>
      <note default-x="65.71" default-y="-30.00">
        <pitch>
          <step>G</step>
          <octave>4</octave>
          </pitch>
        <duration>2</duration>
        <voice>1</voice>
        <type>quarter</type>
        <stem>up</stem>
        </note>
      <note default-x="119.42" default-y="-35.00">
        <pitch>
          <step>F</step>
          <octave>4</octave>
          </pitch>
        <duration>2</duration>
        <voice>1</voice>
        <type>quarter</type>
        <stem>up</stem>
        </note>
      <note default-x="173.13" default-y="-40.00">
        <pitch>
          <step>E</step>
          <alter>-1</alter>
          <octave>4</octave>
          </pitch>
        <duration>2</duration>
        <voice>1</voice>
        <type>quarter</type>
        <stem>up</stem>
        </note>
      </measure>
    <measure number="13" width="245.60">
      <harmony print-frame="no">
        <root>
          <root-step>C</root-step>
          </root>
        <kind text="m7">minor-seventh</kind>
        </harmony>
      <note default-x="12.00" default-y="-35.00">
        <pitch>
          <step>F</step>
          <octave>4</octave>
          </pitch>
        <duration>2</duration>
        <voice>1</voice>
        <type>quarter</type>
        <stem>up</stem>
        </note>
      <note default-x="66.59" default-y="-40.00">
        <pitch>
          <step>E</step>
          <alter>-1</alter>
          <octave>4</octave>
          </pitch>
        <duration>1</duration>
        <voice>1</voice>
        <type>eighth</type>
        <stem>up</stem>
        <beam number="1">begin</beam>
        </note>
      <note default-x="100.71" default-y="-35.00">
        <pitch>
          <step>F</step>
          <octave>4</octave>
          </pitch>
        <duration>1</duration>
        <tie type="start"/>
        <voice>1</voice>
        <type>eighth</type>
        <stem>up</stem>
        <beam number="1">end</beam>
        <notations>
          <tied type="start"/>
          </notations>
        </note>
      <note default-x="134.82" default-y="-35.00">
        <pitch>
          <step>F</step>
          <octave>4</octave>
          </pitch>
        <duration>2</duration>
        <tie type="stop"/>
        <voice>1</voice>
        <type>quarter</type>
        <stem>up</stem>
        <notations>
          <tied type="stop"/>
          </notations>
        </note>
      <note default-x="189.41" default-y="-40.00">
        <pitch>
          <step>E</step>
          <alter>-1</alter>
          <octave>4</octave>
          </pitch>
        <duration>2</duration>
        <voice>1</voice>
        <type>quarter</type>
        <stem>up</stem>
        </note>
      </measure>
    <measure number="14" width="327.21">
      <print new-system="yes">
        <system-layout>
          <system-margins>
            <left-margin>75.84</left-margin>
            <right-margin>0.00</right-margin>
            </system-margins>
          <system-distance>129.51</system-distance>
          </system-layout>
        </print>
      <harmony print-frame="no">
        <root>
          <root-step>F</root-step>
          </root>
        <kind text="7">dominant</kind>
        </harmony>
      <note default-x="82.35" default-y="-10.00">
        <pitch>
          <step>D</step>
          <octave>5</octave>
          </pitch>
        <duration>2</duration>
        <voice>1</voice>
        <type>quarter</type>
        <stem>down</stem>
        </note>
      <note default-x="143.17" default-y="-15.00">
        <pitch>
          <step>C</step>
          <octave>5</octave>
          </pitch>
        <duration>2</duration>
        <voice>1</voice>
        <type>quarter</type>
        <stem>down</stem>
        </note>
      <note default-x="203.98" default-y="-20.00">
        <pitch>
          <step>B</step>
          <alter>-1</alter>
          <octave>4</octave>
          </pitch>
        <duration>2</duration>
        <voice>1</voice>
        <type>quarter</type>
        <stem>down</stem>
        </note>
      <note default-x="264.80" default-y="-25.00">
        <pitch>
          <step>A</step>
          <octave>4</octave>
          </pitch>
        <duration>2</duration>
        <voice>1</voice>
        <type>quarter</type>
        <accidental>natural</accidental>
        <stem>up</stem>
        </note>
      </measure>
    <measure number="15" width="247.99">
      <note default-x="12.00" default-y="-30.00">
        <pitch>
          <step>G</step>
          <octave>4</octave>
          </pitch>
        <duration>2</duration>
        <voice>1</voice>
        <type>quarter</type>
        <stem>up</stem>
        </note>
      <note default-x="70.60" default-y="-35.00">
        <pitch>
          <step>F</step>
          <octave>4</octave>
          </pitch>
        <duration>2</duration>
        <voice>1</voice>
        <type>quarter</type>
        <stem>up</stem>
        </note>
      <note default-x="129.20" default-y="-30.00">
        <pitch>
          <step>G</step>
          <octave>4</octave>
          </pitch>
        <duration>2</duration>
        <voice>1</voice>
        <type>quarter</type>
        <stem>up</stem>
        </note>
      <note default-x="187.79" default-y="-35.00">
        <pitch>
          <step>F</step>
          <octave>4</octave>
          </pitch>
        <duration>2</duration>
        <voice>1</voice>
        <type>quarter</type>
        <stem>up</stem>
        </note>
      </measure>
    <measure number="16" width="203.15">
      <harmony print-frame="no">
        <root>
          <root-step>F</root-step>
          </root>
        <kind text="m7">minor-seventh</kind>
        </harmony>
      <note default-x="12.00" default-y="-25.00">
        <pitch>
          <step>A</step>
          <alter>-1</alter>
          <octave>4</octave>
          </pitch>
        <duration>8</duration>
        <tie type="start"/>
        <voice>1</voice>
        <type>whole</type>
        <notations>
          <tied type="start"/>
          </notations>
        </note>
      </measure>
    <measure number="17" width="222.91">
      <harmony print-frame="no">
        <root>
          <root-step>B</root-step>
          <root-alter>-1</root-alter>
          </root>
        <kind text="7">dominant</kind>
        </harmony>
      <note default-x="12.00" default-y="-25.00">
        <pitch>
          <step>A</step>
          <alter>-1</alter>
          <octave>4</octave>
          </pitch>
        <duration>6</duration>
        <tie type="stop"/>
        <voice>1</voice>
        <type>half</type>
        <dot/>
        <stem>up</stem>
        <notations>
          <tied type="stop"/>
          </notations>
        </note>
      <note default-x="150.38" default-y="-55.00">
        <pitch>
          <step>B</step>
          <alter>-1</alter>
          <octave>3</octave>
          </pitch>
        <duration>2</duration>
        <voice>1</voice>
        <type>quarter</type>
        <stem>up</stem>
        </note>
      </measure>
    <measure number="18" width="317.06">
      <print new-system="yes">
        <system-layout>
          <system-margins>
            <left-margin>75.84</left-margin>
            <right-margin>0.00</right-margin>
            </system-margins>
          <system-distance>129.51</system-distance>
          </system-layout>
        </print>
      <harmony print-frame="no">
        <root>
          <root-step>E</root-step>
          <root-alter>-1</root-alter>
          </root>
        <kind text="Maj7">major-seventh</kind>
        </harmony>
      <harmony print-frame="no">
        <root>
          <root-step>E</root-step>
          <root-alter>-1</root-alter>
          </root>
        <kind text="Maj7">major-seventh</kind>
        </harmony>
      <note default-x="82.35" default-y="-50.00">
        <pitch>
          <step>C</step>
          <octave>4</octave>
          </pitch>
        <duration>2</duration>
        <voice>1</voice>
        <type>quarter</type>
        <stem>up</stem>
        </note>
      <note default-x="140.63" default-y="-45.00">
        <pitch>
          <step>D</step>
          <octave>4</octave>
          </pitch>
        <duration>2</duration>
        <voice>1</voice>
        <type>quarter</type>
        <stem>up</stem>
        </note>
      <note default-x="198.91" default-y="-40.00">
        <pitch>
          <step>E</step>
          <alter>-1</alter>
          <octave>4</octave>
          </pitch>
        <duration>2</duration>
        <voice>1</voice>
        <type>quarter</type>
        <stem>up</stem>
        </note>
      <note default-x="257.18" default-y="-35.00">
        <pitch>
          <step>F</step>
          <octave>4</octave>
          </pitch>
        <duration>2</duration>
        <voice>1</voice>
        <type>quarter</type>
        <stem>up</stem>
        </note>
      </measure>
    <measure number="19" width="246.71">
      <note default-x="12.00" default-y="-30.00">
        <pitch>
          <step>G</step>
          <octave>4</octave>
          </pitch>
        <duration>2</duration>
        <voice>1</voice>
        <type>quarter</type>
        <stem>up</stem>
        </note>
      <note default-x="70.28" default-y="-20.00">
        <pitch>
          <step>B</step>
          <alter>-1</alter>
          <octave>4</octave>
          </pitch>
        <duration>2</duration>
        <voice>1</voice>
        <type>quarter</type>
        <stem>down</stem>
        </note>
      <note default-x="128.55" default-y="-35.00">
        <pitch>
          <step>F</step>
          <octave>4</octave>
          </pitch>
        <duration>2</duration>
        <voice>1</voice>
        <type>quarter</type>
        <stem>up</stem>
        </note>
      <note default-x="186.83" default-y="-40.00">
        <pitch>
          <step>E</step>
          <alter>-1</alter>
          <octave>4</octave>
          </pitch>
        <duration>2</duration>
        <voice>1</voice>
        <type>quarter</type>
        <stem>up</stem>
        </note>
      </measure>
    <measure number="20" width="201.86">
      <harmony print-frame="no">
        <root>
          <root-step>D</root-step>
          </root>
        <kind text="m7b5">half-diminished</kind>
        </harmony>
      <note default-x="12.00" default-y="-35.00">
        <pitch>
          <step>F</step>
          <octave>4</octave>
          </pitch>
        <duration>8</duration>
        <tie type="start"/>
        <voice>1</voice>
        <type>whole</type>
        <notations>
          <tied type="start"/>
          </notations>
        </note>
      </measure>
    <measure number="21" width="235.62">
      <harmony print-frame="no">
        <root>
          <root-step>G</root-step>
          </root>
        <kind text="7b9">dominant</kind>
        <degree>
          <degree-value>9</degree-value>
          <degree-alter>-1</degree-alter>
          <degree-type>add</degree-type>
          </degree>
        </harmony>
      <note default-x="12.00" default-y="-35.00">
        <pitch>
          <step>F</step>
          <octave>4</octave>
          </pitch>
        <duration>4</duration>
        <tie type="stop"/>
        <voice>1</voice>
        <type>half</type>
        <stem>up</stem>
        <notations>
          <tied type="stop"/>
          </notations>
        </note>
      <note>
        <rest/>
        <duration>1</duration>
        <voice>1</voice>
        <type>eighth</type>
        </note>
      <note default-x="149.93" default-y="-30.00">
        <pitch>
          <step>G</step>
          <octave>4</octave>
          </pitch>
        <duration>3</duration>
        <voice>1</voice>
        <type>quarter</type>
        <dot/>
        <stem>up</stem>
        </note>
      </measure>
    <measure number="22" width="318.44">
      <print new-system="yes">
        <system-layout>
          <system-margins>
            <left-margin>75.84</left-margin>
            <right-margin>0.00</right-margin>
            </system-margins>
          <system-distance>129.51</system-distance>
          </system-layout>
        </print>
      <harmony print-frame="no">
        <root>
          <root-step>C</root-step>
          </root>
        <kind text="m7">minor-seventh</kind>
        </harmony>
      <note default-x="82.35" default-y="-40.00">
        <pitch>
          <step>E</step>
          <alter>-1</alter>
          <octave>4</octave>
          </pitch>
        <duration>2</duration>
        <voice>1</voice>
        <type>quarter</type>
        <stem>up</stem>
        </note>
      <note default-x="140.97" default-y="-35.00">
        <pitch>
          <step>F</step>
          <octave>4</octave>
          </pitch>
        <duration>2</duration>
        <voice>1</voice>
        <type>quarter</type>
        <stem>up</stem>
        </note>
      <note default-x="199.59" default-y="-30.00">
        <pitch>
          <step>G</step>
          <octave>4</octave>
          </pitch>
        <duration>2</duration>
        <voice>1</voice>
        <type>quarter</type>
        <stem>up</stem>
        </note>
      <note default-x="258.21" default-y="-20.00">
        <pitch>
          <step>B</step>
          <alter>-1</alter>
          <octave>4</octave>
          </pitch>
        <duration>2</duration>
        <voice>1</voice>
        <type>quarter</type>
        <stem>down</stem>
        </note>
      </measure>
    <measure number="23" width="256.58">
      <note default-x="12.00" default-y="-15.00">
        <pitch>
          <step>C</step>
          <octave>5</octave>
          </pitch>
        <duration>2</duration>
        <voice>1</voice>
        <type>quarter</type>
        <stem>down</stem>
        </note>
      <note default-x="75.21" default-y="-5.00">
        <pitch>
          <step>E</step>
          <alter>-1</alter>
          <octave>5</octave>
          </pitch>
        <duration>2</duration>
        <voice>1</voice>
        <type>quarter</type>
        <stem>down</stem>
        </note>
      <note default-x="138.41" default-y="-15.00">
        <pitch>
          <step>C</step>
          <octave>5</octave>
          </pitch>
        <duration>3</duration>
        <voice>1</voice>
        <type>quarter</type>
        <dot/>
        <stem>down</stem>
        </note>
      <note default-x="215.48" default-y="-20.00">
        <pitch>
          <step>B</step>
          <alter>-1</alter>
          <octave>4</octave>
          </pitch>
        <duration>1</duration>
        <voice>1</voice>
        <type>eighth</type>
        <stem>down</stem>
        </note>
      </measure>
    <measure number="24" width="203.24">
      <harmony print-frame="no">
        <root>
          <root-step>B</root-step>
          <root-alter>-1</root-alter>
          </root>
        <kind text="m7">minor-seventh</kind>
        </harmony>
      <note default-x="12.00" default-y="-15.00">
        <pitch>
          <step>C</step>
          <octave>5</octave>
          </pitch>
        <duration>8</duration>
        <tie type="start"/>
        <voice>1</voice>
        <type>whole</type>
        <notations>
          <tied type="start"/>
          </notations>
        </note>
      </measure>
    <measure number="25" width="223.00">
      <harmony print-frame="no">
        <root>
          <root-step>E</root-step>
          <root-alter>-1</root-alter>
          </root>
        <kind text="7">dominant</kind>
        </harmony>
      <note default-x="12.00" default-y="-15.00">
        <pitch>
          <step>C</step>
          <octave>5</octave>
          </pitch>
        <duration>6</duration>
        <tie type="stop"/>
        <voice>1</voice>
        <type>half</type>
        <dot/>
        <stem>down</stem>
        <notations>
          <tied type="stop"/>
          </notations>
        </note>
      <note default-x="150.44" default-y="-20.00">
        <pitch>
          <step>B</step>
          <alter>-1</alter>
          <octave>4</octave>
          </pitch>
        <duration>2</duration>
        <voice>1</voice>
        <type>quarter</type>
        <stem>down</stem>
        </note>
      </measure>
    <measure number="26" width="301.56">
      <print new-system="yes">
        <system-layout>
          <system-margins>
            <left-margin>75.84</left-margin>
            <right-margin>0.00</right-margin>
            </system-margins>
          <system-distance>129.51</system-distance>
          </system-layout>
        </print>
      <harmony print-frame="no">
        <root>
          <root-step>A</root-step>
          <root-alter>-1</root-alter>
          </root>
        <kind text="Maj7">major-seventh</kind>
        </harmony>
      <note default-x="82.35" default-y="-5.00">
        <pitch>
          <step>E</step>
          <alter>-1</alter>
          <octave>5</octave>
          </pitch>
        <duration>2</duration>
        <voice>1</voice>
        <type>quarter</type>
        <stem>down</stem>
        </note>
      <note default-x="136.75" default-y="-15.00">
        <pitch>
          <step>C</step>
          <octave>5</octave>
          </pitch>
        <duration>2</duration>
        <voice>1</voice>
        <type>quarter</type>
        <stem>down</stem>
        </note>
      <note default-x="191.15" default-y="-20.00">
        <pitch>
          <step>B</step>
          <alter>-1</alter>
          <octave>4</octave>
          </pitch>
        <duration>2</duration>
        <voice>1</voice>
        <type>quarter</type>
        <stem>down</stem>
        </note>
      <note default-x="245.56" default-y="-25.00">
        <pitch>
          <step>A</step>
          <alter>-1</alter>
          <octave>4</octave>
          </pitch>
        <duration>2</duration>
        <voice>1</voice>
        <type>quarter</type>
        <stem>up</stem>
        </note>
      </measure>
    <measure number="27" width="231.21">
      <harmony print-frame="no">
        <root>
          <root-step>F</root-step>
          </root>
        <kind text="m7b5">half-diminished</kind>
        </harmony>
      <note default-x="12.00" default-y="-30.00">
        <pitch>
          <step>G</step>
          <octave>4</octave>
          </pitch>
        <duration>2</duration>
        <voice>1</voice>
        <type>quarter</type>
        <stem>up</stem>
        </note>
      <note default-x="66.40" default-y="-35.00">
        <pitch>
          <step>F</step>
          <octave>4</octave>
          </pitch>
        <duration>2</duration>
        <voice>1</voice>
        <type>quarter</type>
        <stem>up</stem>
        </note>
      <harmony print-frame="no">
        <root>
          <root-step>B</root-step>
          <root-alter>-1</root-alter>
          </root>
        <kind text="7">dominant</kind>
        </harmony>
      <note default-x="120.80" default-y="-30.00">
        <pitch>
          <step>G</step>
          <octave>4</octave>
          </pitch>
        <duration>2</duration>
        <voice>1</voice>
        <type>quarter</type>
        <stem>up</stem>
        </note>
      <note default-x="175.21" default-y="-25.00">
        <pitch>
          <step>A</step>
          <alter>-1</alter>
          <octave>4</octave>
          </pitch>
        <duration>2</duration>
        <voice>1</voice>
        <type>quarter</type>
        <stem>up</stem>
        </note>
      </measure>
    <measure number="28" width="248.37">
      <harmony print-frame="no">
        <root>
          <root-step>E</root-step>
          <root-alter>-1</root-alter>
          </root>
        <kind text="Maj7">major-seventh</kind>
        </harmony>
      <note default-x="12.00" default-y="-20.00">
        <pitch>
          <step>B</step>
          <alter>-1</alter>
          <octave>4</octave>
          </pitch>
        <duration>2</duration>
        <voice>1</voice>
        <type>quarter</type>
        <stem>down</stem>
        </note>
      <note default-x="67.24" default-y="-30.00">
        <pitch>
          <step>G</step>
          <octave>4</octave>
          </pitch>
        <duration>2</duration>
        <voice>1</voice>
        <type>quarter</type>
        <stem>up</stem>
        </note>
      <note default-x="122.48" default-y="-35.00">
        <pitch>
          <step>F</step>
          <octave>4</octave>
          </pitch>
        <duration>2</duration>
        <voice>1</voice>
        <type>quarter</type>
        <stem>up</stem>
        </note>
      <note default-x="177.72" default-y="-40.00">
        <pitch>
          <step>E</step>
          <alter>-1</alter>
          <octave>4</octave>
          </pitch>
        <duration>1</duration>
        <voice>1</voice>
        <type>eighth</type>
        <stem>up</stem>
        <beam number="1">begin</beam>
        </note>
      <note default-x="212.24" default-y="-10.00">
        <pitch>
          <step>D</step>
          <octave>5</octave>
          </pitch>
        <duration>1</duration>
        <tie type="start"/>
        <voice>1</voice>
        <type>eighth</type>
        <stem>up</stem>
        <beam number="1">end</beam>
        <notations>
          <tied type="start"/>
          </notations>
        </note>
      </measure>
    <measure number="29" width="220.12">
      <harmony print-frame="no">
        <root>
          <root-step>G</root-step>
          </root>
        <kind text="m7">minor-seventh</kind>
        </harmony>
      <note default-x="12.00" default-y="-10.00">
        <pitch>
          <step>D</step>
          <octave>5</octave>
          </pitch>
        <duration>4</duration>
        <tie type="stop"/>
        <voice>1</voice>
        <type>half</type>
        <stem>down</stem>
        <notations>
          <tied type="stop"/>
          </notations>
        </note>
      <harmony print-frame="no">
        <root>
          <root-step>C</root-step>
          </root>
        <kind text="7">dominant</kind>
        </harmony>
      <note>
        <rest/>
        <duration>1</duration>
        <voice>1</voice>
        <type>eighth</type>
        </note>
      <note default-x="140.30" default-y="-15.00">
        <pitch>
          <step>C</step>
          <octave>5</octave>
          </pitch>
        <duration>3</duration>
        <voice>1</voice>
        <type>quarter</type>
        <dot/>
        <stem>down</stem>
        </note>
      </measure>
    <measure number="30" width="321.00">
      <print new-system="yes">
        <system-layout>
          <system-margins>
            <left-margin>75.84</left-margin>
            <right-margin>0.00</right-margin>
            </system-margins>
          <system-distance>129.51</system-distance>
          </system-layout>
        </print>
      <harmony print-frame="no">
        <root>
          <root-step>E</root-step>
          <root-alter>-1</root-alter>
          </root>
        <kind text="Maj7">major-seventh</kind>
        </harmony>
      <note default-x="82.35" default-y="-20.00">
        <pitch>
          <step>B</step>
          <alter>-1</alter>
          <octave>4</octave>
          </pitch>
        <duration>2</duration>
        <voice>1</voice>
        <type>quarter</type>
        <stem>down</stem>
        </note>
      <note default-x="141.61" default-y="-5.00">
        <pitch>
          <step>E</step>
          <alter>-1</alter>
          <octave>5</octave>
          </pitch>
        <duration>2</duration>
        <voice>1</voice>
        <type>quarter</type>
        <stem>down</stem>
        </note>
      <harmony print-frame="no">
        <root>
          <root-step>D</root-step>
          </root>
        <kind text="7">dominant</kind>
        </harmony>
      <note default-x="200.88" default-y="-10.00">
        <pitch>
          <step>D</step>
          <octave>5</octave>
          </pitch>
        <duration>2</duration>
        <voice>1</voice>
        <type>quarter</type>
        <stem>down</stem>
        </note>
      <note default-x="260.14" default-y="-15.00">
        <pitch>
          <step>C</step>
          <octave>5</octave>
          </pitch>
        <duration>2</duration>
        <voice>1</voice>
        <type>quarter</type>
        <stem>down</stem>
        </note>
      </measure>
    <measure number="31" width="250.65">
      <harmony print-frame="no">
        <root>
          <root-step>G</root-step>
          </root>
        <kind text="7">dominant</kind>
        </harmony>
      <note default-x="12.00" default-y="-20.00">
        <pitch>
          <step>B</step>
          <alter>-1</alter>
          <octave>4</octave>
          </pitch>
        <duration>2</duration>
        <voice>1</voice>
        <type>quarter</type>
        <stem>down</stem>
        </note>
      <note default-x="71.26" default-y="-40.00">
        <pitch>
          <step>E</step>
          <alter>-1</alter>
          <octave>4</octave>
          </pitch>
        <duration>2</duration>
        <voice>1</voice>
        <type>quarter</type>
        <stem>up</stem>
        </note>
      <harmony print-frame="no">
        <root>
          <root-step>C</root-step>
          </root>
        <kind text="7">dominant</kind>
        </harmony>
      <note default-x="130.53" default-y="-20.00">
        <pitch>
          <step>B</step>
          <alter>-1</alter>
          <octave>4</octave>
          </pitch>
        <duration>2</duration>
        <voice>1</voice>
        <type>quarter</type>
        <stem>down</stem>
        </note>
      <note default-x="189.79" default-y="-25.00">
        <pitch>
          <step>A</step>
          <alter>-1</alter>
          <octave>4</octave>
          </pitch>
        <duration>2</duration>
        <voice>1</voice>
        <type>quarter</type>
        <stem>up</stem>
        </note>
      </measure>
    <measure number="32" width="217.80">
      <harmony print-frame="no">
        <root>
          <root-step>F</root-step>
          </root>
        <kind text="m7">minor-seventh</kind>
        </harmony>
      <note default-x="12.00" default-y="-35.00">
        <pitch>
          <step>F</step>
          <octave>4</octave>
          </pitch>
        <duration>4</duration>
        <voice>1</voice>
        <type>half</type>
        <stem>up</stem>
        </note>
      <harmony print-frame="no">
        <root>
          <root-step>B</root-step>
          <root-alter>-1</root-alter>
          </root>
        <kind text="7">dominant</kind>
        </harmony>
      <note default-x="114.10" default-y="-30.00">
        <pitch>
          <step>G</step>
          <octave>4</octave>
          </pitch>
        <duration>4</duration>
        <voice>1</voice>
        <type>half</type>
        <stem>up</stem>
        </note>
      </measure>
    <measure number="33" width="211.80">
      <harmony print-frame="no">
        <root>
          <root-step>E</root-step>
          <root-alter>-1</root-alter>
          </root>
        <kind text="6">major-sixth</kind>
        </harmony>
      <note default-x="12.00" default-y="-40.00">
        <pitch>
          <step>E</step>
          <alter>-1</alter>
          <octave>4</octave>
          </pitch>
        <duration>8</duration>
        <voice>1</voice>
        <type>whole</type>
        </note>
      <barline location="right">
        <bar-style>light-heavy</bar-style>
        </barline>
      </measure>
    </part>
  </score-partwise>
